ALTER TABLE `s_core_multilanguage` ADD `locale` VARCHAR( 255 ) NOT NULL AFTER `isocode`;
ALTER TABLE `s_categories` ADD `noviewselect` INT( 1 ) UNSIGNED NOT NULL AFTER `template`;
ALTER TABLE `s_statistics_referer` CHANGE `referer` `referer` TEXT CHARACTER SET latin1 COLLATE latin1_swedish_ci NOT NULL;
ALTER TABLE `s_order` CHANGE `referer` `referer` TEXT CHARACTER SET latin1 COLLATE latin1_swedish_ci NOT NULL;
ALTER TABLE `s_core_translations` CHANGE objectdata objectdata LONGTEXT CHARACTER SET latin1 COLLATE latin1_swedish_ci NOT NULL;
ALTER TABLE `s_core_config_groups` ADD `action` VARCHAR( 255 ) NOT NULL ;
ALTER TABLE `s_order_documents` ADD `hash` VARCHAR( 255 ) NOT NULL ;
ALTER TABLE `s_order_details` CHANGE `name` `name` VARCHAR( 255 ) CHARACTER SET latin1 COLLATE latin1_swedish_ci NOT NULL;
ALTER TABLE `s_order` ADD `internalcomment` TEXT NOT NULL AFTER `customercomment` ;
ALTER TABLE `s_user` ADD `internalcomment` TEXT NOT NULL;
ALTER TABLE `s_categories` ADD `hidetop` INT( 1 ) NOT NULL ;
ALTER TABLE `s_core_menu` ADD `pluginID` INT( 11 ) UNSIGNED NULL;
ALTER TABLE `s_core_menu` DROP `ul_properties`;

DROP TABLE `sessions2`;
DROP TABLE `adodb_logsql`;

CREATE TABLE IF NOT EXISTS `s_core_sessions` (
  `id` varchar(64) NOT NULL,
  `expiry` int(11) unsigned NOT NULL,
  `expireref` varchar(255) default NULL,
  `created` int(11) unsigned NOT NULL,
  `modified` int(11) unsigned NOT NULL,
  `data` longtext,
  PRIMARY KEY  (`id`),
  KEY `expiry` (`expiry`),
  KEY `expireref` (`expireref`)
) ENGINE=MyISAM DEFAULT CHARSET=latin1;

UPDATE `s_cms_support_fields`
SET `value` = ''
WHERE `supportID`=(SELECT `id` FROM `s_cms_support` WHERE `name` = 'Rückgabe')
AND `value` IN (1,2,3,4,5,6);

CREATE TABLE IF NOT EXISTS `s_core_snippets` (
  `id` int(11) unsigned NOT NULL AUTO_INCREMENT,
  `namespace` varchar(255) NOT NULL,
  `shopID` int(11) unsigned NOT NULL,
  `localeID` int(11) unsigned NOT NULL,
  `name` varchar(255) NOT NULL,
  `value` text NOT NULL,
  `created` datetime NOT NULL,
  `updated` datetime NOT NULL,
  PRIMARY KEY (`id`),
  UNIQUE KEY `namespace` (`namespace`,`shopID`,`localeID`,`name`)
) ENGINE=MyISAM  DEFAULT CHARSET=latin1;

SET @parent = (SELECT `id` FROM `s_core_menu` WHERE `name` = 'Einstellungen');
SET @parent = (SELECT `id` FROM `s_core_menu` WHERE `name` = 'Textbausteine' AND `parent`=@parent);
UPDATE `s_core_menu` SET `onclick` = '', `style`=''  WHERE `id`=@parent;
INSERT IGNORE INTO `s_core_menu` (`id`, `parent`, `hyperlink`, `name`, `onclick`, `style`, `class`, `position`, `active`, `pluginID`) VALUES
(NULL, @parent, '', 'Neue Templatebasis', 'loadController(''snippet'')', 'background-position: 5px 5px', 'ico2 plugin', 0, 1, NULL),
(NULL, @parent, '', 'Alte Templatebasis', 'loadSkeleton(''snippets'')', 'background-position: 5px 5px', 'ico2 plugin', 1, 1, NULL);

DELETE FROM `s_core_menu` WHERE name = 'FAQ';
UPDATE `s_core_menu` SET `name` = 'Zur Community', `onclick`='window.open(\'http://www.shopware.de/wiki\',\'Shopware\',\'width=800,height=550,scrollbars=yes\')' WHERE `name` = 'Wiki';

UPDATE s_core_config_groups SET `file` = '' WHERE `file`='documents.php';
SET @parent = (SELECT id FROM s_core_config_groups WHERE `name` = 'PDF-Belegerstellung');
INSERT IGNORE INTO `s_core_config_groups` (`name`,`position`,`parent`,`file`)
VALUES ('Alte Templatebasis', 2, @parent, 'documents.php');
INSERT IGNORE INTO `s_core_config_groups` (`name`,`position`,`parent`,`action`)
VALUES ('Neue Templatebasis', 1, @parent, 'backend/document/settings');

UPDATE `s_core_menu` SET onclick='openAction(\'cache\');' WHERE onclick = 'deleteCache();' LIMIT 1;

SET @parent = (SELECT id FROM s_core_menu WHERE `name` = 'Shopcache leeren');

INSERT IGNORE INTO `s_core_menu` (`id`, `parent`, `hyperlink`, `name`, `onclick`, `style`, `class`, `position`, `active`, `pluginID`) VALUES
(NULL, @parent, '', 'Artikel + Kategorien', 'deleteCache(''articles'');', 'background-position: 5px 5px;', 'ico2 bin', 1, 1, NULL),
(NULL, @parent, '', 'Konfiguration', 'deleteCache(''config'');', 'background-position: 5px 5px;', 'ico2 bin', 1, 1, NULL),
(NULL, @parent, '', 'Textbausteine', 'deleteCache(''snippets'');', 'background-position: 5px 5px;', 'ico2 bin', 1, 1, NULL);

CREATE TABLE IF NOT EXISTS `s_core_documents` (
  `id` int(11) NOT NULL AUTO_INCREMENT,
  `name` varchar(255) NOT NULL,
  `template` varchar(255) NOT NULL,
  `numbers` varchar(25) NOT NULL,
  `left` int(11) NOT NULL,
  `right` int(11) NOT NULL,
  `top` int(11) NOT NULL,
  `bottom` int(11) NOT NULL,
  `pagebreak` int(11) NOT NULL,
  PRIMARY KEY (`id`)
) ENGINE=MyISAM  DEFAULT CHARSET=latin1 AUTO_INCREMENT=5 ;

INSERT IGNORE INTO `s_core_documents` (`id`, `name`, `template`, `numbers`, `left`, `right`, `top`, `bottom`, `pagebreak`) VALUES
(1, 'Rechnung', 'index.tpl', 'doc_0', 25, 10, 20, 20, 10),
(2, 'Lieferschein', 'index_ls.tpl', 'doc_1', 25, 10, 20, 20, 10),
(3, 'Gutschrift', 'index_gs.tpl', 'doc_2', 25, 10, 20, 20, 10),
(4, 'Stornorechnung', 'index_sr.tpl', 'doc_3', 25, 10, 20, 20, 10);

CREATE TABLE IF NOT EXISTS `s_core_documents_box` (
  `id` int(11) NOT NULL AUTO_INCREMENT,
  `documentID` int(11) NOT NULL,
  `name` varchar(35) NOT NULL,
  `style` longtext NOT NULL,
  `value` longtext NOT NULL,
  PRIMARY KEY (`id`)
) ENGINE=MyISAM  DEFAULT CHARSET=latin1 AUTO_INCREMENT=65 ;

INSERT IGNORE INTO `s_core_documents_box` (`id`, `documentID`, `name`, `style`, `value`) VALUES
(1, 1, 'Body', 'width:100%;\r\nfont-family: Verdana, Arial, Helvetica, sans-serif;\r\nfont-size:11px;', ''),
(2, 1, 'Logo', 'height: 20mm;\r\nwidth: 90mm;\r\nmargin-bottom:5mm;', '<p><img src="http://debiananwenderhandbuch.de/bilder/ubuntu/UbuntuLogo.png" alt="" width="341" height="88" /></p>'),
(3, 1, 'Header_Recipient', '', ''),
(4, 1, 'Header', 'height: 60mm;', ''),
(5, 1, 'Header_Sender', '', '<p>Demo GmbH - Stra&szlig;e 3 - 00000 Musterstadt</p>'),
(6, 1, 'Header_Box_Left', 'width: 120mm;\r\nheight:60mm;\r\nfloat:left;', ''),
(7, 1, 'Header_Box_Right', 'width: 45mm;\r\nheight: 60mm;\r\nfloat:left;\r\nmargin-top:-20px;\r\nmargin-left:5px;', '<p><strong>Demo GmbH </strong><br /> Max Mustermann<br /> Stra&szlig;e 3<br /> 00000 Musterstadt<br /> Fon: 01234 / 56789<br /> Fax: 01234 / 			56780<br />info@demo.de<br />www.demo.de</p>'),
(8, 1, 'Header_Box_Bottom', 'font-size:14px;\r\nheight: 10mm;', ''),
(9, 1, 'Content', 'height: 65mm;\r\nwidth: 170mm;', ''),
(10, 1, 'Td', 'white-space:nowrap;\r\npadding: 5px 0;', ''),
(11, 1, 'Td_Name', 'white-space:normal;', ''),
(12, 1, 'Td_Line', 'border-bottom: 1px solid #999;\r\nheight: 0px;', ''),
(13, 1, 'Td_Head', 'border-bottom:1px solid #000;', ''),
(14, 1, 'Footer', 'width: 170mm;\r\nposition:fixed;\r\nbottom:-20mm;\r\nheight: 15mm;', '<table style="height: 90px;" border="0" width="100%">\r\n<tbody>\r\n<tr valign="top">\r\n<td style="width: 25%;">\r\n<p><span style="font-size: xx-small;">Demo GmbH</span></p>\r\n<p><span style="font-size: xx-small;">Steuer-Nr <br />UST-ID: <br />Finanzamt </span><span style="font-size: xx-small;">Musterstadt</span></p>\r\n</td>\r\n<td style="width: 25%;">\r\n<p><span style="font-size: xx-small;">Bankverbindung</span></p>\r\n<p><span style="font-size: xx-small;">Sparkasse Musterstadt<br />BLZ: <br />Konto: </span></p>\r\n<span style="font-size: xx-small;">aaaa<br /></span></td>\r\n<td style="width: 25%;">\r\n<p><span style="font-size: xx-small;">AGB<br /></span></p>\r\n<p><span style="font-size: xx-small;">Gerichtsstand ist Musterstadt<br />Erf&uuml;llungsort Musterstadt<br />Gelieferte Ware bleibt bis zur vollst&auml;ndigen Bezahlung unser Eigentum</span></p>\r\n</td>\r\n<td style="width: 25%;">\r\n<p><span style="font-size: xx-small;">Gesch&auml;ftsf&uuml;hrer</span></p>\r\n<p><span style="font-size: xx-small;">Max Mustermann</span></p>\r\n</td>\r\n</tr>\r\n</tbody>\r\n</table>'),
(15, 1, 'Content_Amount', 'margin-left:90mm;', ''),
(16, 1, 'Content_Info', '', '<p>Die Ware bleibt bis zur vollst&auml;ndigen Bezahlung unser Eigentum</p>'),
(17, 2, 'Body', 'width:100%;\r\nfont-family: Verdana, Arial, Helvetica, sans-serif;\r\nfont-size:11px;', ''),
(18, 2, 'Logo', 'height: 20mm;\r\nwidth: 90mm;\r\nmargin-bottom:5mm;', '<p><img src="http://debiananwenderhandbuch.de/bilder/ubuntu/UbuntuLogo.png" alt="" width="341" height="88" /></p>'),
(19, 2, 'Header_Recipient', '', ''),
(20, 2, 'Header', 'height: 60mm;', ''),
(21, 2, 'Header_Sender', '', '<p>Demo GmbH - Stra&szlig;e 3 - 00000 Musterstadt</p>'),
(22, 2, 'Header_Box_Left', 'width: 120mm;\r\nheight:60mm;\r\nfloat:left;', ''),
(23, 2, 'Header_Box_Right', 'width: 45mm;\r\nheight: 60mm;\r\nfloat:left;\r\nmargin-top:-20px;\r\nmargin-left:5px;', '<p><strong>Demo GmbH </strong><br /> Max Mustermann<br /> Stra&szlig;e 3<br /> 00000 Musterstadt<br /> Fon: 01234 / 56789<br /> Fax: 01234 / 			56780<br />info@demo.de<br />www.demo.de</p>'),
(24, 2, 'Header_Box_Bottom', 'font-size:14px;\r\nheight: 10mm;', ''),
(25, 2, 'Content', 'height: 65mm;\r\nwidth: 170mm;', ''),
(26, 2, 'Td', 'white-space:nowrap;\r\npadding: 5px 0;', ''),
(27, 2, 'Td_Name', 'white-space:normal;', ''),
(28, 2, 'Td_Line', 'border-bottom: 1px solid #999;\r\nheight: 0px;', ''),
(29, 2, 'Td_Head', 'border-bottom:1px solid #000;', ''),
(30, 2, 'Footer', 'width: 170mm;\r\nposition:fixed;\r\nbottom:-20mm;\r\nheight: 15mm;', '<table style="height: 90px;" border="0" width="100%">\r\n<tbody>\r\n<tr valign="top">\r\n<td style="width: 25%;">\r\n<p><span style="font-size: xx-small;">Demo GmbH</span></p>\r\n<p><span style="font-size: xx-small;">Steuer-Nr <br />UST-ID: <br />Finanzamt </span><span style="font-size: xx-small;">Musterstadt</span></p>\r\n</td>\r\n<td style="width: 25%;">\r\n<p><span style="font-size: xx-small;">Bankverbindung</span></p>\r\n<p><span style="font-size: xx-small;">Sparkasse Musterstadt<br />BLZ: <br />Konto: </span></p>\r\n<span style="font-size: xx-small;">aaaa<br /></span></td>\r\n<td style="width: 25%;">\r\n<p><span style="font-size: xx-small;">AGB<br /></span></p>\r\n<p><span style="font-size: xx-small;">Gerichtsstand ist Musterstadt<br />Erf&uuml;llungsort Musterstadt<br />Gelieferte Ware bleibt bis zur vollst&auml;ndigen Bezahlung unser Eigentum</span></p>\r\n</td>\r\n<td style="width: 25%;">\r\n<p><span style="font-size: xx-small;">Gesch&auml;ftsf&uuml;hrer</span></p>\r\n<p><span style="font-size: xx-small;">Max Mustermann</span></p>\r\n</td>\r\n</tr>\r\n</tbody>\r\n</table>'),
(31, 2, 'Content_Amount', 'margin-left:98mm;', ''),
(32, 2, 'Content_Info', '', ''),
(33, 3, 'Body', 'width:100%;\r\nfont-family: Verdana, Arial, Helvetica, sans-serif;\r\nfont-size:11px;', '<p>test</p>'),
(34, 3, 'Logo', 'height: 20mm;\r\nwidth: 90mm;\r\nmargin-bottom:5mm;', '<p><img src="http://debiananwenderhandbuch.de/bilder/ubuntu/UbuntuLogo.png" alt="" width="341" height="88" /></p>'),
(35, 3, 'Header_Recipient', '', ''),
(36, 3, 'Header', 'height: 60mm;', ''),
(37, 3, 'Header_Sender', '', '<p>Demo GmbH - Stra&szlig;e 3 - 00000 Musterstadt</p>'),
(38, 3, 'Header_Box_Left', 'width: 120mm;\r\nheight:60mm;\r\nfloat:left;', ''),
(39, 3, 'Header_Box_Right', 'width: 45mm;\r\nheight: 60mm;\r\nfloat:left;\r\nmargin-top:-20px;\r\nmargin-left:5px;', '<p><strong>Demo GmbH </strong><br /> Max Mustermann<br /> Stra&szlig;e 3<br /> 00000 Musterstadt<br /> Fon: 01234 / 56789<br /> Fax: 01234 / 			56780<br />info@demo.de<br />www.demo.de</p>'),
(40, 3, 'Header_Box_Bottom', 'font-size:14px;\r\nheight: 10mm;', ''),
(41, 3, 'Content', 'height: 65mm;\r\nwidth: 170mm;', ''),
(42, 3, 'Td', 'white-space:nowrap;\r\npadding: 5px 0;', ''),
(43, 3, 'Td_Name', 'white-space:normal;', ''),
(44, 3, 'Td_Line', 'border-bottom: 1px solid #999;\r\nheight: 0px;', ''),
(45, 3, 'Td_Head', 'border-bottom:1px solid #000;', ''),
(46, 3, 'Footer', 'width: 170mm;\r\nposition:fixed;\r\nbottom:-20mm;\r\nheight: 15mm;', '<table style="height: 90px;" border="0" width="100%">\r\n<tbody>\r\n<tr valign="top">\r\n<td style="width: 25%;">\r\n<p><span style="font-size: xx-small;">Demo GmbH</span></p>\r\n<p><span style="font-size: xx-small;">Steuer-Nr <br />UST-ID: <br />Finanzamt </span><span style="font-size: xx-small;">Musterstadt</span></p>\r\n</td>\r\n<td style="width: 25%;">\r\n<p><span style="font-size: xx-small;">Bankverbindung</span></p>\r\n<p><span style="font-size: xx-small;">Sparkasse Musterstadt<br />BLZ: <br />Konto: </span></p>\r\n<span style="font-size: xx-small;">aaaa<br /></span></td>\r\n<td style="width: 25%;">\r\n<p><span style="font-size: xx-small;">AGB<br /></span></p>\r\n<p><span style="font-size: xx-small;">Gerichtsstand ist Musterstadt<br />Erf&uuml;llungsort Musterstadt<br />Gelieferte Ware bleibt bis zur vollst&auml;ndigen Bezahlung unser Eigentum</span></p>\r\n</td>\r\n<td style="width: 25%;">\r\n<p><span style="font-size: xx-small;">Gesch&auml;ftsf&uuml;hrer</span></p>\r\n<p><span style="font-size: xx-small;">Max Mustermann</span></p>\r\n</td>\r\n</tr>\r\n</tbody>\r\n</table>'),
(47, 3, 'Content_Amount', 'margin-left:98mm;', ''),
(48, 3, 'Content_Info', '', ''),
(49, 4, 'Body', 'width:100%;\r\nfont-family: Verdana, Arial, Helvetica, sans-serif;\r\nfont-size:11px;', '<p>test</p>'),
(50, 4, 'Logo', 'height: 20mm;\r\nwidth: 90mm;\r\nmargin-bottom:5mm;', '<p><img src="http://debiananwenderhandbuch.de/bilder/ubuntu/UbuntuLogo.png" alt="" width="341" height="88" /></p>'),
(51, 4, 'Header_Recipient', '', ''),
(52, 4, 'Header', 'height: 60mm;', ''),
(53, 4, 'Header_Sender', '', '<p>Demo GmbH - Stra&szlig;e 3 - 00000 Musterstadt</p>'),
(54, 4, 'Header_Box_Left', 'width: 120mm;\r\nheight:60mm;\r\nfloat:left;', ''),
(55, 4, 'Header_Box_Right', 'width: 45mm;\r\nheight: 60mm;\r\nfloat:left;\r\nmargin-top:-20px;\r\nmargin-left:5px;', '<p><strong>Demo GmbH </strong><br /> Max Mustermann<br /> Stra&szlig;e 3<br /> 00000 Musterstadt<br /> Fon: 01234 / 56789<br /> Fax: 01234 / 			56780<br />info@demo.de<br />www.demo.de</p>'),
(56, 4, 'Header_Box_Bottom', 'font-size:14px;\r\nheight: 10mm;', ''),
(57, 4, 'Content', 'height: 65mm;\r\nwidth: 170mm;', ''),
(58, 4, 'Td', 'white-space:nowrap;\r\npadding: 5px 0;', ''),
(59, 4, 'Td_Name', 'white-space:normal;', ''),
(60, 4, 'Td_Line', 'border-bottom: 1px solid #999;\r\nheight: 0px;', ''),
(61, 4, 'Td_Head', 'border-bottom:1px solid #000;', ''),
(62, 4, 'Footer', 'width: 170mm;\r\nposition:fixed;\r\nbottom:-20mm;\r\nheight: 15mm;', '<table style="height: 90px;" border="0" width="100%">\r\n<tbody>\r\n<tr valign="top">\r\n<td style="width: 25%;">\r\n<p><span style="font-size: xx-small;">Demo GmbH</span></p>\r\n<p><span style="font-size: xx-small;">Steuer-Nr <br />UST-ID: <br />Finanzamt </span><span style="font-size: xx-small;">Musterstadt</span></p>\r\n</td>\r\n<td style="width: 25%;">\r\n<p><span style="font-size: xx-small;">Bankverbindung</span></p>\r\n<p><span style="font-size: xx-small;">Sparkasse Musterstadt<br />BLZ: <br />Konto: </span></p>\r\n<span style="font-size: xx-small;">aaaa<br /></span></td>\r\n<td style="width: 25%;">\r\n<p><span style="font-size: xx-small;">AGB<br /></span></p>\r\n<p><span style="font-size: xx-small;">Gerichtsstand ist Musterstadt<br />Erf&uuml;llungsort Musterstadt<br />Gelieferte Ware bleibt bis zur vollst&auml;ndigen Bezahlung unser Eigentum</span></p>\r\n</td>\r\n<td style="width: 25%;">\r\n<p><span style="font-size: xx-small;">Gesch&auml;ftsf&uuml;hrer</span></p>\r\n<p><span style="font-size: xx-small;">Max Mustermann</span></p>\r\n</td>\r\n</tr>\r\n</tbody>\r\n</table>'),
(63, 4, 'Content_Amount', 'margin-left:98mm;', ''),
(64, 4, 'Content_Info', '', '');

DROP TABLE IF EXISTS `s_core_locales`;
CREATE TABLE `s_core_locales` (
  `id` int(11) unsigned NOT NULL AUTO_INCREMENT,
  `locale` varchar(255) NOT NULL,
  `language` varchar(255) NOT NULL,
  `territory` varchar(255) NOT NULL,
  PRIMARY KEY (`id`),
  UNIQUE KEY `locale` (`locale`)
) ENGINE=MyISAM  DEFAULT CHARSET=latin1 AUTO_INCREMENT=256 ;

INSERT IGNORE INTO `s_core_locales` (`id`, `locale`, `language`, `territory`) VALUES
(1, 'de_DE', 'Deutsch', 'Deutschland'),
(2, 'en_GB', 'Englisch', 'Vereinigtes Königreich'),
(3, 'aa_DJ', 'Afar', 'Dschibuti'),
(4, 'aa_ER', 'Afar', 'Eritrea'),
(5, 'aa_ET', 'Afar', 'Äthiopien'),
(6, 'af_NA', 'Afrikaans', 'Namibia'),
(7, 'af_ZA', 'Afrikaans', 'Südafrika'),
(8, 'ak_GH', 'Akan', 'Ghana'),
(9, 'am_ET', 'Amharisch', 'Äthiopien'),
(10, 'ar_AE', 'Arabisch', 'Vereinigte Arabische Emirate'),
(11, 'ar_BH', 'Arabisch', 'Bahrain'),
(12, 'ar_DZ', 'Arabisch', 'Algerien'),
(13, 'ar_EG', 'Arabisch', 'Ägypten'),
(14, 'ar_IQ', 'Arabisch', 'Irak'),
(15, 'ar_JO', 'Arabisch', 'Jordanien'),
(16, 'ar_KW', 'Arabisch', 'Kuwait'),
(17, 'ar_LB', 'Arabisch', 'Libanon'),
(18, 'ar_LY', 'Arabisch', 'Libyen'),
(19, 'ar_MA', 'Arabisch', 'Marokko'),
(20, 'ar_OM', 'Arabisch', 'Oman'),
(21, 'ar_QA', 'Arabisch', 'Katar'),
(22, 'ar_SA', 'Arabisch', 'Saudi-Arabien'),
(23, 'ar_SD', 'Arabisch', 'Sudan'),
(24, 'ar_SY', 'Arabisch', 'Syrien'),
(25, 'ar_TN', 'Arabisch', 'Tunesien'),
(26, 'ar_YE', 'Arabisch', 'Jemen'),
(27, 'as_IN', 'Assamesisch', 'Indien'),
(28, 'az_AZ', 'Aserbaidschanisch', 'Aserbaidschan'),
(29, 'be_BY', 'Weißrussisch', 'Belarus'),
(30, 'bg_BG', 'Bulgarisch', 'Bulgarien'),
(31, 'bn_BD', 'Bengalisch', 'Bangladesch'),
(32, 'bn_IN', 'Bengalisch', 'Indien'),
(33, 'bo_CN', 'Tibetisch', 'China'),
(34, 'bo_IN', 'Tibetisch', 'Indien'),
(35, 'bs_BA', 'Bosnisch', 'Bosnien und Herzegowina'),
(36, 'byn_ER', 'Blin', 'Eritrea'),
(37, 'ca_ES', 'Katalanisch', 'Spanien'),
(38, 'cch_NG', 'Atsam', 'Nigeria'),
(39, 'cs_CZ', 'Tschechisch', 'Tschechische Republik'),
(40, 'cy_GB', 'Walisisch', 'Vereinigtes Königreich'),
(41, 'da_DK', 'Dänisch', 'Dänemark'),
(42, 'de_AT', 'Deutsch', 'Österreich'),
(43, 'de_BE', 'Deutsch', 'Belgien'),
(44, 'de_CH', 'Deutsch', 'Schweiz'),
(45, 'de_LI', 'Deutsch', 'Liechtenstein'),
(46, 'de_LU', 'Deutsch', 'Luxemburg'),
(47, 'dv_MV', 'Maledivisch', 'Malediven'),
(48, 'dz_BT', 'Bhutanisch', 'Bhutan'),
(49, 'ee_GH', 'Ewe-Sprache', 'Ghana'),
(50, 'ee_TG', 'Ewe-Sprache', 'Togo'),
(51, 'el_CY', 'Griechisch', 'Zypern'),
(52, 'el_GR', 'Griechisch', 'Griechenland'),
(53, 'en_AS', 'Englisch', 'Amerikanisch-Samoa'),
(54, 'en_AU', 'Englisch', 'Australien'),
(55, 'en_BE', 'Englisch', 'Belgien'),
(56, 'en_BW', 'Englisch', 'Botsuana'),
(57, 'en_BZ', 'Englisch', 'Belize'),
(58, 'en_CA', 'Englisch', 'Kanada'),
(59, 'en_GU', 'Englisch', 'Guam'),
(60, 'en_HK', 'Englisch', 'Sonderverwaltungszone Hongkong'),
(61, 'en_IE', 'Englisch', 'Irland'),
(62, 'en_IN', 'Englisch', 'Indien'),
(63, 'en_JM', 'Englisch', 'Jamaika'),
(64, 'en_MH', 'Englisch', 'Marshallinseln'),
(65, 'en_MP', 'Englisch', 'Nördliche Marianen'),
(66, 'en_MT', 'Englisch', 'Malta'),
(67, 'en_NA', 'Englisch', 'Namibia'),
(68, 'en_NZ', 'Englisch', 'Neuseeland'),
(69, 'en_PH', 'Englisch', 'Philippinen'),
(70, 'en_PK', 'Englisch', 'Pakistan'),
(71, 'en_SG', 'Englisch', 'Singapur'),
(72, 'en_TT', 'Englisch', 'Trinidad und Tobago'),
(73, 'en_UM', 'Englisch', 'Amerikanisch-Ozeanien'),
(74, 'en_US', 'Englisch', 'Vereinigte Staaten'),
(75, 'en_VI', 'Englisch', 'Amerikanische Jungferninseln'),
(76, 'en_ZA', 'Englisch', 'Südafrika'),
(77, 'en_ZW', 'Englisch', 'Simbabwe'),
(78, 'es_AR', 'Spanisch', 'Argentinien'),
(79, 'es_BO', 'Spanisch', 'Bolivien'),
(80, 'es_CL', 'Spanisch', 'Chile'),
(81, 'es_CO', 'Spanisch', 'Kolumbien'),
(82, 'es_CR', 'Spanisch', 'Costa Rica'),
(83, 'es_DO', 'Spanisch', 'Dominikanische Republik'),
(84, 'es_EC', 'Spanisch', 'Ecuador'),
(85, 'es_ES', 'Spanisch', 'Spanien'),
(86, 'es_GT', 'Spanisch', 'Guatemala'),
(87, 'es_HN', 'Spanisch', 'Honduras'),
(88, 'es_MX', 'Spanisch', 'Mexiko'),
(89, 'es_NI', 'Spanisch', 'Nicaragua'),
(90, 'es_PA', 'Spanisch', 'Panama'),
(91, 'es_PE', 'Spanisch', 'Peru'),
(92, 'es_PR', 'Spanisch', 'Puerto Rico'),
(93, 'es_PY', 'Spanisch', 'Paraguay'),
(94, 'es_SV', 'Spanisch', 'El Salvador'),
(95, 'es_US', 'Spanisch', 'Vereinigte Staaten'),
(96, 'es_UY', 'Spanisch', 'Uruguay'),
(97, 'es_VE', 'Spanisch', 'Venezuela'),
(98, 'et_EE', 'Estnisch', 'Estland'),
(99, 'eu_ES', 'Baskisch', 'Spanien'),
(100, 'fa_AF', 'Persisch', 'Afghanistan'),
(101, 'fa_IR', 'Persisch', 'Iran'),
(102, 'fi_FI', 'Finnisch', 'Finnland'),
(103, 'fil_PH', 'Filipino', 'Philippinen'),
(104, 'fo_FO', 'Färöisch', 'Färöer'),
(105, 'fr_BE', 'Französisch', 'Belgien'),
(106, 'fr_CA', 'Französisch', 'Kanada'),
(107, 'fr_CH', 'Französisch', 'Schweiz'),
(108, 'fr_FR', 'Französisch', 'Frankreich'),
(109, 'fr_LU', 'Französisch', 'Luxemburg'),
(110, 'fr_MC', 'Französisch', 'Monaco'),
(111, 'fr_SN', 'Französisch', 'Senegal'),
(112, 'fur_IT', 'Friulisch', 'Italien'),
(113, 'ga_IE', 'Irisch', 'Irland'),
(114, 'gaa_GH', 'Ga-Sprache', 'Ghana'),
(115, 'gez_ER', 'Geez', 'Eritrea'),
(116, 'gez_ET', 'Geez', 'Äthiopien'),
(117, 'gl_ES', 'Galizisch', 'Spanien'),
(118, 'gsw_CH', 'Schweizerdeutsch', 'Schweiz'),
(119, 'gu_IN', 'Gujarati', 'Indien'),
(120, 'gv_GB', 'Manx', 'Vereinigtes Königreich'),
(121, 'ha_GH', 'Hausa', 'Ghana'),
(122, 'ha_NE', 'Hausa', 'Niger'),
(123, 'ha_NG', 'Hausa', 'Nigeria'),
(124, 'ha_SD', 'Hausa', 'Sudan'),
(125, 'haw_US', 'Hawaiisch', 'Vereinigte Staaten'),
(126, 'he_IL', 'Hebräisch', 'Israel'),
(127, 'hi_IN', 'Hindi', 'Indien'),
(128, 'hr_HR', 'Kroatisch', 'Kroatien'),
(129, 'hu_HU', 'Ungarisch', 'Ungarn'),
(130, 'hy_AM', 'Armenisch', 'Armenien'),
(131, 'id_ID', 'Indonesisch', 'Indonesien'),
(132, 'ig_NG', 'Igbo-Sprache', 'Nigeria'),
(133, 'ii_CN', 'Sichuan Yi', 'China'),
(134, 'is_IS', 'Isländisch', 'Island'),
(135, 'it_CH', 'Italienisch', 'Schweiz'),
(136, 'it_IT', 'Italienisch', 'Italien'),
(137, 'ja_JP', 'Japanisch', 'Japan'),
(138, 'ka_GE', 'Georgisch', 'Georgien'),
(139, 'kaj_NG', 'Jju', 'Nigeria'),
(140, 'kam_KE', 'Kamba', 'Kenia'),
(141, 'kcg_NG', 'Tyap', 'Nigeria'),
(142, 'kfo_CI', 'Koro', 'Côte d?Ivoire'),
(143, 'kk_KZ', 'Kasachisch', 'Kasachstan'),
(144, 'kl_GL', 'Grönländisch', 'Grönland'),
(145, 'km_KH', 'Kambodschanisch', 'Kambodscha'),
(146, 'kn_IN', 'Kannada', 'Indien'),
(147, 'ko_KR', 'Koreanisch', 'Republik Korea'),
(148, 'kok_IN', 'Konkani', 'Indien'),
(149, 'kpe_GN', 'Kpelle-Sprache', 'Guinea'),
(150, 'kpe_LR', 'Kpelle-Sprache', 'Liberia'),
(151, 'ku_IQ', 'Kurdisch', 'Irak'),
(152, 'ku_IR', 'Kurdisch', 'Iran'),
(153, 'ku_SY', 'Kurdisch', 'Syrien'),
(154, 'ku_TR', 'Kurdisch', 'Türkei'),
(155, 'kw_GB', 'Kornisch', 'Vereinigtes Königreich'),
(156, 'ky_KG', 'Kirgisisch', 'Kirgisistan'),
(157, 'ln_CD', 'Lingala', 'Demokratische Republik Kongo'),
(158, 'ln_CG', 'Lingala', 'Kongo'),
(159, 'lo_LA', 'Laotisch', 'Laos'),
(160, 'lt_LT', 'Litauisch', 'Litauen'),
(161, 'lv_LV', 'Lettisch', 'Lettland'),
(162, 'mk_MK', 'Mazedonisch', 'Mazedonien'),
(163, 'ml_IN', 'Malayalam', 'Indien'),
(164, 'mn_CN', 'Mongolisch', 'China'),
(165, 'mn_MN', 'Mongolisch', 'Mongolei'),
(166, 'mr_IN', 'Marathi', 'Indien'),
(167, 'ms_BN', 'Malaiisch', 'Brunei Darussalam'),
(168, 'ms_MY', 'Malaiisch', 'Malaysia'),
(169, 'mt_MT', 'Maltesisch', 'Malta'),
(170, 'my_MM', 'Birmanisch', 'Myanmar'),
(171, 'nb_NO', 'Norwegisch Bokmål', 'Norwegen'),
(172, 'nds_DE', 'Niederdeutsch', 'Deutschland'),
(173, 'ne_IN', 'Nepalesisch', 'Indien'),
(174, 'ne_NP', 'Nepalesisch', 'Nepal'),
(175, 'nl_BE', 'Niederländisch', 'Belgien'),
(176, 'nl_NL', 'Niederländisch', 'Niederlande'),
(177, 'nn_NO', 'Norwegisch Nynorsk', 'Norwegen'),
(178, 'nr_ZA', 'Süd-Ndebele-Sprache', 'Südafrika'),
(179, 'nso_ZA', 'Nord-Sotho-Sprache', 'Südafrika'),
(180, 'ny_MW', 'Nyanja-Sprache', 'Malawi'),
(181, 'oc_FR', 'Okzitanisch', 'Frankreich'),
(182, 'om_ET', 'Oromo', 'Äthiopien'),
(183, 'om_KE', 'Oromo', 'Kenia'),
(184, 'or_IN', 'Orija', 'Indien'),
(185, 'pa_IN', 'Pandschabisch', 'Indien'),
(186, 'pa_PK', 'Pandschabisch', 'Pakistan'),
(187, 'pl_PL', 'Polnisch', 'Polen'),
(188, 'ps_AF', 'Paschtu', 'Afghanistan'),
(189, 'pt_BR', 'Portugiesisch', 'Brasilien'),
(190, 'pt_PT', 'Portugiesisch', 'Portugal'),
(191, 'ro_MD', 'Rumänisch', 'Republik Moldau'),
(192, 'ro_RO', 'Rumänisch', 'Rumänien'),
(193, 'ru_RU', 'Russisch', 'Russische Föderation'),
(194, 'ru_UA', 'Russisch', 'Ukraine'),
(195, 'rw_RW', 'Ruandisch', 'Ruanda'),
(196, 'sa_IN', 'Sanskrit', 'Indien'),
(197, 'se_FI', 'Nord-Samisch', 'Finnland'),
(198, 'se_NO', 'Nord-Samisch', 'Norwegen'),
(199, 'sh_BA', 'Serbo-Kroatisch', 'Bosnien und Herzegowina'),
(200, 'sh_CS', 'Serbo-Kroatisch', 'Serbien und Montenegro'),
(201, 'sh_YU', 'Serbo-Kroatisch', ''),
(202, 'si_LK', 'Singhalesisch', 'Sri Lanka'),
(203, 'sid_ET', 'Sidamo', 'Äthiopien'),
(204, 'sk_SK', 'Slowakisch', 'Slowakei'),
(205, 'sl_SI', 'Slowenisch', 'Slowenien'),
(206, 'so_DJ', 'Somali', 'Dschibuti'),
(207, 'so_ET', 'Somali', 'Äthiopien'),
(208, 'so_KE', 'Somali', 'Kenia'),
(209, 'so_SO', 'Somali', 'Somalia'),
(210, 'sq_AL', 'Albanisch', 'Albanien'),
(211, 'sr_BA', 'Serbisch', 'Bosnien und Herzegowina'),
(212, 'sr_CS', 'Serbisch', 'Serbien und Montenegro'),
(213, 'sr_ME', 'Serbisch', 'Montenegro'),
(214, 'sr_RS', 'Serbisch', 'Serbien'),
(215, 'sr_YU', 'Serbisch', ''),
(216, 'ss_SZ', 'Swazi', 'Swasiland'),
(217, 'ss_ZA', 'Swazi', 'Südafrika'),
(218, 'st_LS', 'Süd-Sotho-Sprache', 'Lesotho'),
(219, 'st_ZA', 'Süd-Sotho-Sprache', 'Südafrika'),
(220, 'sv_FI', 'Schwedisch', 'Finnland'),
(221, 'sv_SE', 'Schwedisch', 'Schweden'),
(222, 'sw_KE', 'Suaheli', 'Kenia'),
(223, 'sw_TZ', 'Suaheli', 'Tansania'),
(224, 'syr_SY', 'Syrisch', 'Syrien'),
(225, 'ta_IN', 'Tamilisch', 'Indien'),
(226, 'te_IN', 'Telugu', 'Indien'),
(227, 'tg_TJ', 'Tadschikisch', 'Tadschikistan'),
(228, 'th_TH', 'Thailändisch', 'Thailand'),
(229, 'ti_ER', 'Tigrinja', 'Eritrea'),
(230, 'ti_ET', 'Tigrinja', 'Äthiopien'),
(231, 'tig_ER', 'Tigre', 'Eritrea'),
(232, 'tn_ZA', 'Tswana-Sprache', 'Südafrika'),
(233, 'to_TO', 'Tongaisch', 'Tonga'),
(234, 'tr_TR', 'Türkisch', 'Türkei'),
(236, 'ts_ZA', 'Tsonga', 'Südafrika'),
(237, 'tt_RU', 'Tatarisch', 'Russische Föderation'),
(238, 'ug_CN', 'Uigurisch', 'China'),
(239, 'uk_UA', 'Ukrainisch', 'Ukraine'),
(240, 'ur_IN', 'Urdu', 'Indien'),
(241, 'ur_PK', 'Urdu', 'Pakistan'),
(242, 'uz_AF', 'Usbekisch', 'Afghanistan'),
(243, 'uz_UZ', 'Usbekisch', 'Usbekistan'),
(244, 've_ZA', 'Venda-Sprache', 'Südafrika'),
(245, 'vi_VN', 'Vietnamesisch', 'Vietnam'),
(246, 'wal_ET', 'Walamo-Sprache', 'Äthiopien'),
(247, 'wo_SN', 'Wolof', 'Senegal'),
(248, 'xh_ZA', 'Xhosa', 'Südafrika'),
(249, 'yo_NG', 'Yoruba', 'Nigeria'),
(250, 'zh_CN', 'Chinesisch', 'China'),
(251, 'zh_HK', 'Chinesisch', 'Sonderverwaltungszone Hongkong'),
(252, 'zh_MO', 'Chinesisch', 'Sonderverwaltungszone Macao'),
(253, 'zh_SG', 'Chinesisch', 'Singapur'),
(254, 'zh_TW', 'Chinesisch', 'Taiwan'),
(255, 'zu_ZA', 'Zulu', 'Südafrika');

UPDATE `s_core_multilanguage` SET `locale` = '1';
UPDATE `s_core_multilanguage` SET `locale` = 'en' WHERE `isocode`=6;
UPDATE `s_core_multilanguage` SET `locale` = '2' WHERE `isocode`='en';

UPDATE `s_core_config` SET `value` = 'cleanup : true, language: ''de'',skin : ''o2k7'',skin_variant : ''silver'', convert_urls : false, media_strict : false, fullscreen_new_window: true, relative_urls : false, width: "100%", invalid_elements:''script,applet,iframe'', theme_advanced_resizng : true, theme_advanced_toolbar_location : ''top'', theme_advanced_toolbar_align : ''left'', theme_advanced_path_location : ''bottom'', theme_advanced_resizing : true, extended_valid_elements : "font[size],script[src|type],object[width|height|classid|codebase|ID|value],param[name|value],embed[name|src|type|wmode|width|height|style|allowScriptAccess|menu|quality|pluginspage]"' WHERE `name` = 'sTINYMCEOPTIONS'  LIMIT 1 ;

SET @parent = (SELECT `id` FROM `s_core_config_groups` WHERE `name` = 'SEO');

REPLACE INTO `s_core_config` (`id`, `group`, `name`, `value`, `description`, `required`, `warning`, `detailtext`, `multilanguage`, `fieldtype`) VALUES
(NULL, @parent, 'sSEOSTATICURLS', 'sViewport=sale&sAction=doSale,Bestellung abgeschlossen\r\nsViewport=admin&sAction=orders,{$sConfig.sSnippets.sIndexmyorders}\r\nsViewport=admin&sAction=downloads,{$sConfig.sSnippets.sIndexmyinstantdownloads}\r\nsViewport=admin&sAction=billing,{$sConfig.sSnippets.sIndexchangebillingaddress}\r\nsViewport=admin&sAction=shipping,{$sConfig.sSnippets.sIndexchangedeliveryaddress}\r\nsViewport=admin&sAction=payment,{$sConfig.sSnippets.sIndexchangepayment}\r\nsViewport=admin&sAction=ticketview,{$sConfig.sSnippets.sTicketSysSupportManagement}\r\nsViewport=logout,{$sConfig.sSnippets.sIndexlogout}\r\nsViewport=support&sFid={$sConfig.sINQUIRYID}&sInquiry=basket,{$sConfig.sSnippets.sBasketInquiry}\r\nsViewport=support&sFid={$sConfig.sINQUIRYID}&sInquiry=detail,{$sConfig.sSnippets.sArticlequestionsaboutarticle}\r\n{foreach from=$sConfig.sViewports item=viewport key=viewportID}\r\n{if $viewportID!=search}\r\nsViewport={$viewportID},{$viewport.name}\r\n{/if}\r\n{/foreach}', 'sonstige SEO-Urls', 0, 0, '', 1, 'textarea');

UPDATE `s_core_config_groups` SET file = '../../../engine/connectors/moneybookers/config.php' WHERE name = 'Moneybookers' LIMIT 1;

SET @parent = (SELECT `id` FROM `s_core_config_groups` WHERE `name` = 'Intelligente Suche');

UPDATE `s_core_config` SET `group` = @parent, `value` = CONCAT(`value`, ',am'), `description` = 'Blacklist für Keywords' WHERE `name` = 'sBADWORDS' AND `value` NOT LIKE '%,am' LIMIT 1;

UPDATE `s_core_config` SET `name` = 'sMONEYBOOKERS_SWITCH_HIDE_LOGIN' WHERE `name` = 'sMONEYBOOKERS_HIDE_LOGIN' LIMIT 1;

CREATE TABLE IF NOT EXISTS `s_plugin_coupons` (
  `id` int(11) NOT NULL AUTO_INCREMENT,
  `name` varchar(255) NOT NULL,
  `voucherID` int(11) NOT NULL,
  `articleID` int(11) NOT NULL,
  `active` int(1) NOT NULL,
  PRIMARY KEY (`id`),
  KEY `articleID` (`articleID`),
  KEY `voucherID` (`voucherID`)
) ENGINE=MyISAM  DEFAULT CHARSET=latin1;

CREATE TABLE IF NOT EXISTS `s_plugin_coupons_codes` (
  `id` int(11) NOT NULL AUTO_INCREMENT,
  `datum` datetime NOT NULL,
  `couponID` int(11) NOT NULL,
  `orderID` int(11) NOT NULL,
  `userID` int(11) NOT NULL,
  `articleID` int(11) NOT NULL,
  `codeID` int(11) NOT NULL,
  `stateID` int(11) NOT NULL,
  `pdf` varchar(255) NOT NULL,
  `pdfdate` datetime NOT NULL,
  `senddate` datetime NOT NULL,
  `cashdate` datetime NOT NULL,
  PRIMARY KEY (`id`)
) ENGINE=MyISAM  DEFAULT CHARSET=latin1;

INSERT IGNORE INTO `s_core_config_mails` (`id`, `name`, `frommail`, `fromname`, `subject`, `content`, `contentHTML`, `ishtml`, `htmlable`, `attachment`) VALUES
(NULL, 'PluginCouponsInformMerchant', 'info@shopware.de', 'Shopware Demo', 'Gutschein Bestellung - Keine oder wenige Codes vorhanden', 'Hallo,\r\n\r\nfür die Gutschein-Bestellung mit der Bestellnummer {$Ordernumber} stehen keine oder wenige Gutschein-Codes zur Verfügung! Bitte prüfen Sie, ob dieser Bestellung ein Gutschein zugeordnet werden konnte und schicken Sie dem Kunden ggf. manuell einen Gutschein-Code.\r\n', '', 0, 0, '');

INSERT IGNORE INTO `s_core_config_mails` (`id`, `name`, `frommail`, `fromname`, `subject`, `content`, `contentHTML`, `ishtml`, `htmlable`, `attachment`) VALUES
(NULL, 'PluginCouponsSendCoupon', 'info@shopware.de', 'Shopware Demo', 'Ihre Gutschein Bestellung', 'Hallo {$sUser.billing_firstname}{$sUser.billing_lastname},\r\n \r\nvielen Dank fuer Ihre Bestellung im Shopware Demoshop (Nummer: {$sOrder.ordernumber}).\r\n\r\nAnbei schicken wir Ihnen die bestellten Gutschein-Codes.\r\n\r\n{$EventResult.code}\r\n\r\nViele Grüße,\r\n\r\nIhr Team von Shopware', '', 0, 0, '');

CREATE TABLE IF NOT EXISTS `s_articles_avoid_customergroups` (
  `articleID` int(11) NOT NULL,
  `customergroup` varchar(35) NOT NULL,
  UNIQUE KEY `articleID` (`articleID`,`customergroup`)
) ENGINE=MyISAM DEFAULT CHARSET=latin1;
 
INSERT IGNORE INTO `s_core_engine_groups` (
	`id` ,
	`group` ,
	`availablebyvariants` ,
	`position`
)
VALUES (
	NULL , 'Kundengruppen', '0', '4'
);

DELETE FROM `s_core_config` WHERE `name` IN (
 'sMAILER_SMTPDebug',
 'sMAILER_SMTPKeepAlive',
 'sMAILER_SingleTo',
 'sMAILER_Timeout',
 'sMAILER_SMTPAuth',
 'sMAILER_Sender',
 'sMAILER_Priority',
 'sMAILER_ContentType',
 'sMAILER_ErrorInfo',
 'sMAILER_WordWrap',
 'sMAILER_PluginDir',
 'sMAILER_MessageID',
 'sMAILER_Timeout',
 'sMAILER_Sendmail',
 'sMAILER_ConfirmReadingTo',
 'sMAILER_MessageID',
 'sMAILER_Helo',
 'sMAILER_SingleTo',
 'sADODB_LOG',
 'sTEMPLATEDEBUG',
 'sFIREPHP',
 'sHIGHPERFCACHE',
 'sDONTGZIP',
 'sREALCACHE',
 'sHIGHPERFCACHEVIEWPORTS',
 'sCACHESTATIC',
 'sUSEROUTER',
 'sDEBUG',
 'sPROLICENCE',
 'sLICENCENUMBER',
 'sLICENCEHOLDER',
 'sESDNUMDOWNLOADS',
 'sOPTIMIZEURLS',
 'sVOUCHERTELLFRIEND',
 'sVOUCHERTELLFRIENDVALUE',
 'sVOUCHERTELLFRIENDCODE',
 'sMEMCACHE',
 'sSHOWBASKET',
 'sDONTHASH',
 'sUSEDEFAULTTEMPLATES',
 'sVATCHECKCONFIRMATION',
 'sSHOWCLOUD'
);

UPDATE `s_core_config` SET `group` = '0' WHERE  `name` IN (
 'sORDERTABLE'
);

CREATE TABLE IF NOT EXISTS `s_categories_avoid_customergroups` (
  `categoryID` int(11) NOT NULL,
  `customergroupID` int(11) NOT NULL,
  UNIQUE KEY `articleID` (`categoryID`,`customergroupID`)
) ENGINE=MyISAM DEFAULT CHARSET=latin1;

SET @parent = (SELECT `id` FROM `s_core_config_groups` WHERE `name` = 'USt-IdNr. Überprüfung');

INSERT IGNORE INTO `s_core_config` (`id`, `group`, `name`, `value`, `description`, `required`, `warning`, `detailtext`, `multilanguage`, `fieldtype`) VALUES
(NULL, @parent, 'sVATCHECKNOSERVICE', '1', 'Wenn Service nicht erreichbar ist, nur einfach Überpürfung durchführen.', 0, 0, '', 0, 'int');

UPDATE `s_core_auth` SET `salted`=1, `password`=MD5(CONCAT('A9ASD:_AD!_=%a8nx0asssblPlasS$',`password`)) WHERE `salted`=0;

CREATE TABLE IF NOT EXISTS `s_plugin_recommendations` (
  `id` int(11) NOT NULL AUTO_INCREMENT,
  `categoryID` int(11) NOT NULL,
  `banner_active` int(1) NOT NULL,
  `new_active` int(1) NOT NULL,
  `bought_active` int(1) NOT NULL,
  `supplier_active` int(1) NOT NULL,
  PRIMARY KEY (`id`),
  UNIQUE KEY `categoryID` (`categoryID`)
) ENGINE=MyISAM  DEFAULT CHARSET=latin1;

DELETE FROM `s_core_config_groups` WHERE `name` = 'Google';

SET @parent = (SELECT `id` FROM `s_core_config_groups` WHERE `name` = 'Anmeldung / Registrierung');

INSERT IGNORE INTO `s_core_config` (`id`, `group`, `name`, `value`, `description`, `required`, `warning`, `detailtext`, `multilanguage`, `fieldtype`) VALUES
(NULL, @parent, 'sNOACCOUNTDISABLE', '0', '"Kein Kundenkonto" deaktivieren', 0, 0, '', 0, 'int');

UPDATE `s_core_multilanguage` SET `template` = 'templates/orange'  WHERE `template` = 'templates/_default';
UPDATE `s_core_multilanguage` SET `doc_template` = 'templates/orange'  WHERE `doc_template` = 'templates/_default';

UPDATE `s_core_config` SET `description` = 'Eigene USt-IdNr. für die Überprüfung' WHERE `name` = 'sVATCHECKADVANCEDNUMBER';

UPDATE `s_core_menu` SET `onclick`='openAccount();' WHERE `name` = "Shopware Account";

DELETE FROM `s_core_menu` WHERE `style` = 'display:none';

SET @parent = (SELECT `id` FROM `s_core_config_groups` WHERE `name` = 'Caching');

INSERT IGNORE INTO `s_core_config` (`id`, `group`, `name`, `value`, `description`, `required`, `warning`, `detailtext`, `multilanguage`, `fieldtype`) VALUES
(NULL, @parent, 'sDISABLECACHE', '0', 'Shopcache deaktivieren', 0, 0, '', 0, 'int');


CREATE TABLE IF NOT EXISTS `s_core_plugin_configs` (
  `id` int(11) unsigned NOT NULL AUTO_INCREMENT,
  `name` varchar(255) NOT NULL,
  `value` text NOT NULL,
  `pluginID` int(11) unsigned NOT NULL,
  `localeID` int(11) unsigned NOT NULL,
  `shopID` int(11) unsigned NOT NULL,
  PRIMARY KEY (`id`),
  UNIQUE KEY `name` (`name`,`pluginID`,`localeID`,`shopID`)
) ENGINE=MyISAM  DEFAULT CHARSET=latin1;

DROP TABLE IF EXISTS `s_core_subscribes`;
CREATE TABLE IF NOT EXISTS `s_core_subscribes` (
  `id` int(11) NOT NULL AUTO_INCREMENT,
  `subscribe` varchar(255) NOT NULL,
  `type` int(11) unsigned NOT NULL,
  `listener` varchar(255) NOT NULL,
  `pluginID` int(11) unsigned DEFAULT NULL,
  `position` int(11) NOT NULL,
  PRIMARY KEY (`id`),
  UNIQUE KEY `subscribe` (`subscribe`,`type`,`listener`)
) ENGINE=MyISAM  DEFAULT CHARSET=latin1;

INSERT IGNORE INTO `s_core_subscribes` (`id`, `subscribe`, `type`, `listener`, `pluginID`, `position`) VALUES
(1, 'Enlight_Bootstrap_InitResource_License', 0, 'Shopware_Plugins_Core_License_Bootstrap::onInitResourceLicense', 17, 0),
(2, 'Enlight_Controller_Front_PreDispatch', 0, 'Shopware_Plugins_Core_Shop_Bootstrap::onPreDispatch', 8, 0),
(3, 'Enlight_Bootstrap_InitResource_Shop', 0, 'Shopware_Plugins_Core_Shop_Bootstrap::onInitResourceShop', 8, 0),
(4, 'Enlight_Bootstrap_InitResource_Auth', 0, 'Shopware_Plugins_Backend_Auth_Bootstrap::onInitResourceAuth', 36, 0),
(5, 'Enlight_Controller_Action_PreDispatch', 0, 'Shopware_Plugins_Backend_Auth_Bootstrap::onPreDispatchBackend', 36, 0),
(6, 'Enlight_Bootstrap_InitResource_Menu', 0, 'Shopware_Plugins_Backend_Menu_Bootstrap::onInitResourceMenu', 35, 0),
(7, 'Enlight_Controller_Action_PostDispatch', 0, 'Shopware_Plugins_Core_ControllerBase_Bootstrap::onPostDispatch', 13, 100),
(8, 'Enlight_Controller_Front_StartDispatch', 0, 'Shopware_Plugins_Core_ErrorHandler_Bootstrap::onStartDispatch', 12, 0),
(9, 'Enlight_Plugins_ViewRenderer_FilterRender', 0, 'Shopware_Plugins_Core_PostFilter_Bootstrap::onFilterRender', 9, 0),
(10, 'Enlight_Bootstrap_InitResource_System', 0, 'Shopware_Plugins_Core_System_Bootstrap::onInitResourceSystem', 6, 0),
(11, 'Enlight_Bootstrap_InitResource_Modules', 0, 'Shopware_Plugins_Core_System_Bootstrap::onInitResourceModules', 6, 0),
(12, 'Enlight_Bootstrap_InitResource_Adodb', 0, 'Shopware_Plugins_Core_System_Bootstrap::onInitResourceAdodb', 6, 0),
(13, 'Enlight_Bootstrap_InitResource_Template', 0, 'Shopware_Plugins_Core_Template_Bootstrap::onInitResourceTemplate', 1, 0),
(14, 'Enlight_Controller_Front_PreDispatch', 0, 'Shopware_Plugins_Core_ViewportForward_Bootstrap::onPreDispatch', 7, 10),
(15, 'Enlight_Controller_Front_RouteStartup', 0, 'Shopware_Plugins_Core_Router_Bootstrap::onRouteStartup', 4, 0),
(16, 'Enlight_Controller_Front_RouteShutdown', 0, 'Shopware_Plugins_Core_Router_Bootstrap::onRouteShutdown', 4, 0),
(17, 'Enlight_Controller_Router_FilterAssembleParams', 0, 'Shopware_Plugins_Core_Router_Bootstrap::onFilterAssemble', 4, 0),
(18, 'Enlight_Controller_Router_FilterUrl', 0, 'Shopware_Plugins_Core_Router_Bootstrap::onFilterUrl', 4, 0),
(19, 'Enlight_Controller_Router_Assemble', 0, 'Shopware_Plugins_Core_Router_Bootstrap::onAssemble', 4, 100),
(61, 'Shopware_CronJob_ArticleComment', 0, 'Shopware_Plugins_Core_CronRating_Bootstrap::onRun', 11, 0),
(60, 'Enlight_Bootstrap_InitResource_Cron', 0, 'Shopware_Plugins_Core_Cron_Bootstrap::onInitResourceCron', 2, 0),
(59, 'Enlight_Controller_Front_AfterSendResponse', 0, 'Shopware_Plugins_Core_Cron_Bootstrap::onAfterSendResponse', 2, 0),
(58, 'Enlight_Controller_Dispatcher_ControllerPath_Backend_Cron', 0, 'Shopware_Plugins_Core_Cron_Bootstrap::onGetControllerPath', 2, 0),
(87, 'Enlight_Plugins_ViewRenderer_FilterRender', 0, 'Shopware_Plugins_Frontend_Seo_Bootstrap::onFilterRender', 19, 0),
(88, 'Enlight_Controller_Action_PostDispatch', 0, 'Shopware_Plugins_Frontend_Seo_Bootstrap::onPostDispatch', 19, 0),
(89, 'Enlight_Controller_Front_StartDispatch', 0, 'Shopware_Plugins_Frontend_RouterRewrite_Bootstrap::onStartDispatch', 32, 0),
(36, 'Enlight_Bootstrap_InitResource_Api', 0, 'Shopware_Plugins_Core_Api_Bootstrap::onInitResourceApi', 16, 0),
(37, 'Enlight_Controller_Front_PreDispatch', 0, 'Shopware_Plugins_Frontend_ViewportDispatcher_Bootstrap::onPreDispatch', 24, 50),
(38, 'Enlight_Bootstrap_InitResource_Log', 0, 'Shopware_Plugins_Core_Log_Bootstrap::onInitResourceLog', 10, 0),
(39, 'Enlight_Controller_Front_RouteStartup', 0, 'Shopware_Plugins_Core_Log_Bootstrap::onRouteStartup', 10, 0),
(40, 'Enlight_Controller_Front_StartDispatch', 0, 'Shopware_Plugins_Core_Debug_Bootstrap::onStartDispatch', 3, 0),
(41, 'Enlight_Controller_Front_StartDispatch', 0, 'Shopware_Plugins_Core_Benchmark_Bootstrap::onStartDispatch', 14, 0),
(42, 'Enlight_Controller_Front_StartDispatch', 0, 'Shopware_Plugins_Core_BenchmarkEvents_Bootstrap::onStartDispatch', 5, 0),
(43, 'Enlight_Controller_Front_DispatchLoopShutdown', 0, 'Shopware_Plugins_Core_BenchmarkEvents_Bootstrap::onDispatchLoopShutdown', 5, 0),
(86, 'Enlight_Controller_Front_DispatchLoopShutdown', 0, 'Shopware_Plugins_Frontend_Statistics_Bootstrap::onDispatchLoopShutdown', 29, 0),
(85, 'Enlight_Controller_Action_PostDispatch', 0, 'Shopware_Plugins_Frontend_Google_Bootstrap::onPostDispatch', 23, 0),
(63, 'Shopware_CronJob_ArticleStock', 0, 'Shopware_Plugins_Core_CronStock_Bootstrap::onRun', 15, 0),
(64, 'Enlight_Controller_Action_PostDispatch', 0, 'Shopware_Plugins_Frontend_Compare_Bootstrap::onPostDispatch', 18, 0),
(98, 'Enlight_Controller_Action_PostDispatch', 0, 'Shopware_Plugins_Frontend_LastArticles_Bootstrap::onPostDispatch', 20, 0),
(99, 'Enlight_Controller_Front_PreDispatch', 0, 'Shopware_Plugins_Frontend_InputFilter_Bootstrap::onPreDispatch', 34, 0),
(100, 'Enlight_Controller_Action_PostDispatch', 0, 'Shopware_Plugins_Frontend_TagCloud_Bootstrap::onPostDispatch', 33, 0),
(84, 'Shopware_CronJob_Birthday', 0, 'Shopware_Plugins_Core_CronBirthday_Bootstrap::onRun', 39, 0);

DROP TABLE IF EXISTS `s_core_plugins`;
CREATE TABLE IF NOT EXISTS `s_core_plugins` (
  `id` int(11) unsigned NOT NULL AUTO_INCREMENT,
  `namespace` varchar(255) NOT NULL,
  `name` varchar(255) NOT NULL,
  `label` varchar(255) NOT NULL,
  `source` varchar(255) NOT NULL,
  `description` text NOT NULL,
  `description_long` text NOT NULL,
  `active` int(1) unsigned NOT NULL,
  `installation_date` datetime DEFAULT NULL,
  `update_date` datetime DEFAULT NULL,
  `autor` varchar(255) DEFAULT NULL,
  `copyright` varchar(255) DEFAULT NULL,
  `license` varchar(255) NOT NULL,
  `version` varchar(255) NOT NULL,
  `support` varchar(255) NOT NULL,
  `changes` text NOT NULL,
  `link` varchar(255) NOT NULL,
  PRIMARY KEY (`id`),
  UNIQUE KEY `namespace` (`namespace`,`name`)
) ENGINE=MyISAM  DEFAULT CHARSET=latin1;

INSERT IGNORE INTO `s_core_plugins` (`id`, `namespace`, `name`, `label`, `source`, `description`, `description_long`, `active`, `installation_date`, `update_date`, `autor`, `copyright`, `license`, `version`, `support`) VALUES
(1, 'Core', 'Template', '', '', '', '', 1, '2010-10-13 22:02:31', '2010-10-13 22:02:31', 'shopware AG', 'Copyright © 2010, shopware AG', '', '1', ''),
(2, 'Core', 'Cron', '', '', '', '', 1, NULL, NULL, 'shopware AG', 'Copyright © 2010, shopware AG', '', '1', ''),
(3, 'Core', 'Debug', '', '', '', '', 1, NULL, NULL, 'shopware AG', 'Copyright © 2010, shopware AG', '', '1', ''),
(4, 'Core', 'Router', '', '', '', '', 1, '2010-10-13 22:08:39', '2010-10-13 22:08:39', 'shopware AG', 'Copyright © 2010, shopware AG', '', '1', ''),
(5, 'Core', 'BenchmarkEvents', '', '', '', '', 1, NULL, NULL, 'shopware AG', 'Copyright © 2010, shopware AG', '', '1', ''),
(6, 'Core', 'System', '', '', '', '', 1, '2010-10-13 22:02:24', '2010-10-13 22:02:24', 'shopware AG', 'Copyright © 2010, shopware AG', '', '1', ''),
(7, 'Core', 'ViewportForward', '', '', '', '', 1, '2010-10-13 22:02:35', '2010-10-13 22:02:35', 'shopware AG', 'Copyright © 2010, shopware AG', '', '1', ''),
(8, 'Core', 'Shop', '', '', '', '', 1, '2010-10-13 22:02:03', '2010-10-13 22:02:03', 'shopware AG', 'Copyright © 2010, shopware AG', '', '1', ''),
(9, 'Core', 'PostFilter', '', '', '', '', 1, NULL, NULL, 'shopware AG', 'Copyright © 2010, shopware AG', '', '1', ''),
(10, 'Core', 'Log', '', '', '', '', 1, NULL, NULL, 'shopware AG', 'Copyright © 2010, shopware AG', '', '1', ''),
(11, 'Core', 'CronRating', '', '', '', '', 1, NULL, NULL, 'shopware AG', 'Copyright © 2010, shopware AG', '', '1', ''),
(12, 'Core', 'ErrorHandler', '', '', '', '', 1, '2010-10-13 22:01:35', '2010-10-13 22:01:35', 'shopware AG', 'Copyright © 2010, shopware AG', '', '1', ''),
(13, 'Core', 'ControllerBase', '', '', '', '', 1, '2010-10-13 22:01:28', '2010-10-13 22:01:28', 'shopware AG', 'Copyright © 2010, shopware AG', '', '1', ''),
(14, 'Core', 'Benchmark', '', '', '', '', 1, NULL, NULL, 'shopware AG', 'Copyright © 2010, shopware AG', '', '1', ''),
(15, 'Core', 'CronStock', '', '', '', '', 1, NULL, NULL, 'shopware AG', 'Copyright © 2010, shopware AG', '', '1', ''),
(16, 'Core', 'Api', '', '', '', '', 1, NULL, NULL, 'shopware AG', 'Copyright © 2010, shopware AG', '', '1', ''),
(17, 'Core', 'License', '', '', '', '', 1, '2010-10-13 22:01:40', '2010-10-13 22:01:40', 'shopware AG', 'Copyright © 2010, shopware AG', '', '1', ''),
(18, 'Frontend', 'Compare', '', '', '', '', 1, NULL, NULL, 'shopware AG', 'Copyright © 2010, shopware AG', '', '1', ''),
(19, 'Frontend', 'Seo', '', '', '', '', 1, NULL, NULL, 'shopware AG', 'Copyright © 2010, shopware AG', '', '1', ''),
(20, 'Frontend', 'LastArticles', '', '', '', '', 1, NULL, NULL, 'shopware AG', 'Copyright © 2010, shopware AG', '', '1', ''),
(21, 'Frontend', 'RouterOld', '', '', '', '', 1, NULL, NULL, 'shopware AG', 'Copyright © 2010, shopware AG', '', '1', ''),
(22, 'Frontend', 'Ticket', '', '', '', '', 1, NULL, NULL, 'shopware AG', 'Copyright © 2010, shopware AG', '', '1', ''),
(23, 'Frontend', 'Google', '', '', '', '', 1, NULL, NULL, 'shopware AG', 'Copyright © 2010, shopware AG', '', '1', ''),
(24, 'Frontend', 'ViewportDispatcher', '', '', '', '', 1, NULL, NULL, 'shopware AG', 'Copyright © 2010, shopware AG', '', '1', ''),
(25, 'Frontend', 'Paypal', '', '', '', '', 1, NULL, NULL, 'shopware AG', 'Copyright © 2010, shopware AG', '', '1', ''),
(26, 'Frontend', 'ReCaptcha', '', '', '', '', 1, NULL, NULL, 'shopware AG', 'Copyright © 2010, shopware AG', '', '1', ''),
(27, 'Frontend', 'AdvancedMenu', '', '', '', '', 1, NULL, NULL, 'shopware AG', 'Copyright © 2010, shopware AG', '', '1', ''),
(28, 'Frontend', 'CouponsSelling', '', '', '', '', 1, NULL, NULL, 'shopware AG', 'Copyright © 2010, shopware AG', '', '1', ''),
(29, 'Frontend', 'Statistics', '', '', '', '', 1, NULL, NULL, 'shopware AG', 'Copyright © 2010, shopware AG', '', '1', ''),
(30, 'Frontend', 'Recommendation', '', '', '', '', 1, NULL, NULL, 'shopware AG', 'Copyright © 2010, shopware AG', '', '1', ''),
(31, 'Frontend', 'Notification', '', '', '', '', 1, NULL, NULL, 'shopware AG', 'Copyright © 2010, shopware AG', '', '1', ''),
(32, 'Frontend', 'RouterRewrite', '', '', '', '', 1, NULL, NULL, 'shopware AG', 'Copyright © 2010, shopware AG', '', '1', ''),
(33, 'Frontend', 'TagCloud', '', '', '', '', 1, NULL, NULL, 'shopware AG', 'Copyright © 2010, shopware AG', '', '1', ''),
(34, 'Frontend', 'InputFilter', '', '', '', '', 1, NULL, NULL, 'shopware AG', 'Copyright © 2010, shopware AG', '', '1', ''),
(35, 'Backend', 'Menu', '', '', '', '', 1, '2010-10-13 22:01:22', '2010-10-13 22:01:22', 'shopware AG', 'Copyright © 2010, shopware AG', '', '1', ''),
(36, 'Backend', 'Auth', '', '', '', '', 1, '2010-10-13 22:01:17', '2010-10-13 22:01:17', 'shopware AG', 'Copyright © 2010, shopware AG', '', '1', '');

CREATE TABLE IF NOT EXISTS `s_core_plugin_elements` (
  `id` int(11) unsigned NOT NULL AUTO_INCREMENT,
  `pluginID` int(11) unsigned NOT NULL,
  `name` varchar(255) NOT NULL,
  `value` text NOT NULL, 
  `label` varchar(255) NOT NULL,
  `description` varchar(255) NOT NULL,
  `type` varchar(255) NOT NULL,
  `required` int(1) unsigned NOT NULL,
  `order` int(11) NOT NULL,
  `scope` int(11) unsigned NOT NULL,
  `filters` text,
  `validators` text,
  PRIMARY KEY (`id`),
  UNIQUE KEY `pluginID` (`pluginID`,`name`)
) ENGINE=MyISAM  DEFAULT CHARSET=latin1 ;

SET @parent = (SELECT `id` FROM `s_core_menu` WHERE `name` LIKE 'Einstellungen');

INSERT IGNORE INTO `s_core_menu` (`id`, `parent`, `hyperlink`, `name`, `onclick`, `style`, `class`, `position`, `active`) VALUES
(NULL, @parent, '', 'Plugins', 'openAction(''plugin'');', 'background-position: 5px 5px;', 'ico2 bricks', -4, 1);

DROP TABLE IF EXISTS `s_core_snippets`;
CREATE TABLE IF NOT EXISTS `s_core_snippets` (
  `id` int(11) unsigned NOT NULL AUTO_INCREMENT,
  `namespace` varchar(255) NOT NULL,
  `shopID` int(11) unsigned NOT NULL,
  `localeID` int(11) unsigned NOT NULL,
  `name` varchar(255) NOT NULL,
  `value` text NOT NULL,
  `created` datetime NOT NULL,
  `updated` datetime NOT NULL,
  PRIMARY KEY (`id`),
  UNIQUE KEY `namespace` (`namespace`,`shopID`,`name`,`localeID`)
) ENGINE=MyISAM  DEFAULT CHARSET=latin1 AUTO_INCREMENT=1551 ;

INSERT INTO `s_core_snippets` (`id`, `namespace`, `shopID`, `localeID`, `name`, `value`, `created`, `updated`) VALUES
(1, 'backend/error/index', 1, 1, 'ErrorIndexTitle', 'Fehler', '2010-01-01 00:00:00', '2010-09-28 11:54:19'),
(2, 'frontend/index/header', 1, 1, 'IndexMetaRobots', 'index,follow', '2010-01-01 00:00:00', '2010-09-28 11:54:19'),
(3, 'frontend/index/header', 1, 1, 'IndexMetaRevisit', '15 days', '2010-01-01 00:00:00', '2010-09-28 11:54:19'),
(4, 'frontend/index/header', 1, 1, 'IndexMetaKeywordsStandard', '', '2010-01-01 00:00:00', '2010-09-28 11:54:19'),
(5, 'frontend/index/header', 1, 1, 'IndexMetaDescriptionStandard', '', '2010-01-01 00:00:00', '2010-09-28 11:54:19'),
(6, 'frontend/index/index', 1, 1, 'IndexLinkDefault', 'zur Startseite wechseln', '2010-01-01 00:00:00', '2010-09-28 11:54:19'),
(7, 'frontend/compare/index', 1, 1, 'CompareActionStart', 'Vergleich starten', '2010-01-01 00:00:00', '2010-09-28 11:54:19'),
(8, 'frontend/compare/index', 1, 1, 'CompareActionDelete', 'Vergleich löschen', '2010-01-01 00:00:00', '2010-09-28 11:54:19'),
(9, 'frontend/index/checkout_actions', 1, 1, 'IndexLinkCart', 'Warenkorb', '2010-01-01 00:00:00', '2010-09-28 11:54:19'),
(10, 'frontend/index/checkout_actions', 1, 1, 'IndexInfoArticles', 'Artikel', '2010-01-01 00:00:00', '2010-09-28 11:54:19'),
(11, 'frontend/index/checkout_actions', 1, 1, 'IndexActionShowPositions', 'Positionen anzeigen', '2010-01-01 00:00:00', '2010-09-28 11:54:19'),
(12, 'frontend/account/content_right', 1, 1, 'AccountLinkOverview', 'Mein Konto', '2010-01-01 00:00:00', '2010-09-28 11:54:19'),
(13, 'frontend/checkout/finish', 1, 1, 'FinishTitleRightOfRevocation', 'Widerrufsrecht', '2010-01-01 00:00:00', '2010-09-28 11:54:19'),
(14, 'frontend/index/checkout_actions', 1, 1, 'IndexLinkNotepad', 'Merkzettel', '2010-01-01 00:00:00', '2010-09-28 11:54:19'),
(15, 'frontend/checkout/confirm', 1, 1, 'ConfirmErrorAGB', 'Bitte bestätigen Sie unsere AGB', '2010-01-01 00:00:00', '2010-09-28 11:54:19'),
(16, 'frontend/register/index', 1, 1, 'RegisterTitle', 'Registrierung', '2010-01-01 00:00:00', '2010-09-28 11:54:19'),
(17, 'frontend/blog/detail', 1, 1, 'BlogHeaderSocialmedia', 'Weiterempfehlen', '2010-01-01 00:00:00', '2010-09-28 11:54:19'),
(18, 'frontend/index/breadcrumb', 1, 1, 'BreadcrumbDefault', 'Sie sind hier:', '2010-01-01 00:00:00', '2010-09-28 11:54:19'),
(19, 'frontend/plugins/index/viewlast', 1, 1, 'WidgetsRecentlyViewedHeadline', 'Angeschaut', '2010-01-01 00:00:00', '2010-09-28 11:54:19'),
(20, 'frontend/plugins/index/viewlast', 1, 1, 'WidgetsRecentlyViewedLinkDetails', 'Mehr Informationen', '2010-01-01 00:00:00', '2010-09-28 11:54:19'),
(21, 'frontend/blog/box', 1, 1, 'BlogInfoFrom', 'Von:', '2010-01-01 00:00:00', '2010-09-28 11:54:19'),
(22, 'frontend/blog/box', 1, 1, 'BlogInfoComments', 'Kommentare', '2010-01-01 00:00:00', '2010-09-28 11:54:19'),
(23, 'frontend/blog/box', 1, 1, 'BlogLinkMore', 'Mehr lesen', '2010-01-01 00:00:00', '2010-09-28 11:54:19'),
(1483, 'backend/plugins/coupons/pdf/index', 1, 1, 'PluginsBackendCouponsCharge', 'Bitte beachten Sie den Mindestbestellwert von {$coupon.minimumcharge|currency}\r\n					', '2010-10-11 15:43:46', '2010-10-11 15:43:46'),
(25, 'frontend/index/footer', 1, 1, 'FooterInfoIncludeVat', '* Alle Preise inkl. gesetzl. Mehrwertsteuer zzgl. <span style="text-decoration: underline;"><a title="Versandkosten" href="{url controller=custom sCustom=6}">Versandkosten</a></span> und ggf. Nachnahmegebühren, wenn nicht anders beschrieben', '2010-01-01 00:00:00', '2010-10-07 23:31:10'),
(27, 'frontend/checkout/finish', 1, 1, 'FinishTextRightOfRevocation', 'Informationen zum Widerrufsrecht', '2010-01-01 00:00:00', '2010-09-28 11:54:19'),
(28, 'frontend/blog/index', 1, 1, 'BlogLinkRSS', 'RSS-Feed', '2010-01-01 00:00:00', '2010-09-28 11:54:19'),
(29, 'frontend/blog/index', 1, 1, 'BlogLinkAtom', 'Atom-Feed', '2010-01-01 00:00:00', '2010-09-28 11:54:19'),
(30, 'frontend/listing/listing_actions', 1, 1, 'ListingLabelSort', 'Sortierung:', '2010-01-01 00:00:00', '2010-09-28 11:54:19'),
(31, 'frontend/listing/listing_actions', 1, 1, 'ListingSortRelease', 'Erscheinungsdatum', '2010-01-01 00:00:00', '2010-09-28 11:54:19'),
(32, 'frontend/listing/listing_actions', 1, 1, 'ListingSortRating', 'Beliebtheit', '2010-01-01 00:00:00', '2010-09-28 11:54:19'),
(33, 'frontend/listing/listing_actions', 1, 1, 'ListingSortPriceLowest', 'Niedrigster Preis', '2010-01-01 00:00:00', '2010-09-28 11:54:19'),
(34, 'frontend/listing/listing_actions', 1, 1, 'ListingSortPriceHighest', 'Höchster Preis', '2010-01-01 00:00:00', '2010-09-28 11:54:19'),
(35, 'frontend/listing/listing_actions', 1, 1, 'ListingSortName', 'Artikelbezeichnung', '2010-01-01 00:00:00', '2010-09-28 11:54:19'),
(36, 'frontend/listing/listing_actions', 1, 1, 'ListingLabelItemsPerPage', 'Artikel pro Seite:', '2010-01-01 00:00:00', '2010-09-28 11:54:19'),
(37, 'frontend/listing/listing_actions', 1, 1, 'ListingLabelView', 'Ansicht:', '2010-01-01 00:00:00', '2010-09-28 11:54:19'),
(38, 'frontend/listing/listing_actions', 1, 1, 'ListingViewTable', 'Liste', '2010-01-01 00:00:00', '2010-09-28 11:54:19'),
(39, 'frontend/listing/listing_actions', 1, 1, 'ListingView2Cols', 'Zweispaltig', '2010-01-01 00:00:00', '2010-09-28 11:54:19'),
(40, 'frontend/listing/listing_actions', 1, 1, 'ListingView3Cols', 'Dreispaltig', '2010-01-01 00:00:00', '2010-09-28 11:54:19'),
(41, 'frontend/listing/listing_actions', 1, 1, 'ListingView4Cols', 'Vierspaltig', '2010-01-01 00:00:00', '2010-09-28 11:54:19'),
(42, 'frontend/listing/box_article', 1, 1, 'ListingBoxNoPicture', 'Kein Bild vorhanden', '2010-01-01 00:00:00', '2010-09-28 11:54:19'),
(43, 'frontend/listing/box_article', 1, 1, 'ListingBoxLinkBuy', 'Jetzt bestellen', '2010-01-01 00:00:00', '2010-09-28 11:54:19'),
(44, 'frontend/listing/box_article', 1, 1, 'ListingBoxLinkDetails', 'Zum Produkt', '2010-01-01 00:00:00', '2010-10-16 16:47:26'),
(45, 'frontend/detail/navigation', 1, 1, 'DetailNavCount', 'von', '2010-01-01 00:00:00', '2010-09-28 11:54:19'),
(46, 'frontend/detail/navigation', 1, 1, 'DetailNavIndex', 'Übersicht', '2010-01-01 00:00:00', '2010-09-28 11:54:19'),
(47, 'frontend/account/ajax_login', 1, 1, 'LoginActionNext', 'Einloggen', '2010-01-01 00:00:00', '2010-09-28 11:54:19'),
(48, 'frontend/detail/index', 1, 1, 'DetailFrom', 'von', '2010-01-01 00:00:00', '2010-09-28 11:54:19'),
(49, 'frontend/detail/data', 1, 1, 'DetailDataId', 'Bestell-Nr.:', '2010-01-01 00:00:00', '2010-09-28 11:54:19'),
(50, 'frontend/detail/buy', 1, 1, 'DetailBuyLabelQuantity', 'Menge', '2010-01-01 00:00:00', '2010-09-28 11:54:19'),
(51, 'frontend/detail/buy', 1, 1, 'DetailBuyActionAdd', 'In den Warenkorb', '2010-01-01 00:00:00', '2010-09-28 11:54:19'),
(52, 'frontend/detail/actions', 1, 1, 'DetailLinkVoucher', 'Artikel weiterempfehlen', '2010-01-01 00:00:00', '2010-10-17 18:49:27'),
(53, 'frontend/detail/actions', 1, 1, 'DetailLinkReview', 'Bewertung schreiben', '2010-01-01 00:00:00', '2010-09-28 11:54:19'),
(54, 'frontend/detail/actions', 1, 1, 'DetailLinkNotepad', 'Auf den Merkzettel', '2010-01-01 00:00:00', '2010-09-28 11:54:19'),
(55, 'frontend/detail/actions', 1, 1, 'DetailLinkContact', 'Fragen zum Artikel?', '2010-01-01 00:00:00', '2010-09-28 11:54:19'),
(56, 'frontend/detail/tabs', 1, 1, 'DetailTabsDescription', 'Beschreibung', '2010-01-01 00:00:00', '2010-09-28 11:54:19'),
(57, 'frontend/detail/tabs', 1, 1, 'DetailTabsRating', 'Bewertungen', '2010-01-01 00:00:00', '2010-09-28 11:54:19'),
(58, 'frontend/detail/description', 1, 1, 'DetailDescriptionHeader', 'Produktinformationen', '2010-01-01 00:00:00', '2010-09-28 11:54:19'),
(59, 'frontend/blog/detail', 1, 1, 'BlogHeaderLinks', 'Weitere Informationen zu', '2010-01-01 00:00:00', '2010-09-28 11:54:19'),
(60, 'frontend/detail/comment', 1, 1, 'DetailCommentHeader', 'Kundenbewertungen für', '2010-01-01 00:00:00', '2010-09-28 11:54:19'),
(61, 'frontend/detail/comment', 1, 1, 'DetailCommentHeaderWriteReview', 'Bewertung schreiben', '2010-01-01 00:00:00', '2010-09-28 11:54:19'),
(62, 'frontend/detail/comment', 1, 1, 'DetailCommentTextReview', 'Bewertungen werden nach Überprüfung freigeschaltet.', '2010-01-01 00:00:00', '2010-09-28 11:54:19'),
(63, 'frontend/detail/comment', 1, 1, 'DetailCommentLabelName', 'Ihr Name', '2010-01-01 00:00:00', '2010-09-28 11:54:19'),
(64, 'frontend/detail/comment', 1, 1, 'DetailCommentLabelSummary', 'Zusammenfassung', '2010-01-01 00:00:00', '2010-09-28 11:54:19'),
(65, 'frontend/detail/comment', 1, 1, 'DetailCommentLabelRating', 'Bewertung', '2010-01-01 00:00:00', '2010-09-28 11:54:19'),
(66, 'frontend/detail/comment', 1, 1, 'Rate10', '10 sehr gut', '2010-01-01 00:00:00', '2010-09-28 11:54:19'),
(67, 'frontend/detail/comment', 1, 1, 'Rate9', '9', '2010-01-01 00:00:00', '2010-09-28 11:54:19'),
(68, 'frontend/detail/comment', 1, 1, 'Rate8', '8', '2010-01-01 00:00:00', '2010-09-28 11:54:19'),
(69, 'frontend/detail/comment', 1, 1, 'Rate7', '7', '2010-01-01 00:00:00', '2010-09-28 11:54:19'),
(70, 'frontend/detail/comment', 1, 1, 'Rate6', '6', '2010-01-01 00:00:00', '2010-09-28 11:54:19'),
(71, 'frontend/detail/comment', 1, 1, 'Rate5', '5', '2010-01-01 00:00:00', '2010-09-28 11:54:19'),
(72, 'frontend/detail/comment', 1, 1, 'Rate4', '4', '2010-01-01 00:00:00', '2010-09-28 11:54:19'),
(73, 'frontend/detail/comment', 1, 1, 'Rate3', '3', '2010-01-01 00:00:00', '2010-09-28 11:54:19'),
(74, 'frontend/detail/comment', 1, 1, 'Rate2', '2', '2010-01-01 00:00:00', '2010-09-28 11:54:19'),
(75, 'frontend/detail/comment', 1, 1, 'Rate1', '1 sehr schlecht', '2010-01-01 00:00:00', '2010-09-28 11:54:19'),
(76, 'frontend/detail/comment', 1, 1, 'DetailCommentLabelText', 'Ihre Meinung:', '2010-01-01 00:00:00', '2010-09-28 11:54:19'),
(77, 'frontend/detail/comment', 1, 1, 'DetailCommentLabelCaptcha', 'Bitte geben Sie die Zahlenfolge in das nachfolgende Textfeld ein', '2010-01-01 00:00:00', '2010-09-28 11:54:19'),
(78, 'frontend/detail/comment', 1, 1, 'DetailCommentInfoFields', 'Die mit einem * markierten Felder sind Pflichtfelder.', '2010-01-01 00:00:00', '2010-09-28 11:54:19'),
(79, 'frontend/detail/comment', 1, 1, 'DetailCommentActionSave', 'Speichern', '2010-01-01 00:00:00', '2010-09-28 11:54:19'),
(80, 'frontend/detail/similar', 1, 1, 'DetailSimilarHeader', 'Ähnliche Artikel', '2010-01-01 00:00:00', '2010-09-28 11:54:19'),
(81, 'frontend/search/paging', 1, 1, 'ListingSortRating', 'Bewertung', '2010-01-01 00:00:00', '2010-09-28 11:54:19'),
(82, 'frontend/search/paging', 1, 1, 'ListingSortPriceLowest', 'Niedrigster Preis', '2010-01-01 00:00:00', '2010-09-28 11:54:19'),
(83, 'frontend/search/paging', 1, 1, 'ListingSortPriceHighest', 'Höchster Preis', '2010-01-01 00:00:00', '2010-09-28 11:54:19'),
(84, 'frontend/checkout/ajax_add_article', 1, 1, 'AjaxAddHeader', 'Der Artikel wurde erfolgreich in den Warenkorb gelegt', '2010-01-01 00:00:00', '2010-09-28 11:54:19'),
(85, 'frontend/checkout/ajax_add_article', 1, 1, 'AjaxAddLinkBack', 'Weiter shoppen', '2010-01-01 00:00:00', '2010-09-28 11:54:19'),
(86, 'frontend/checkout/ajax_add_article', 1, 1, 'AjaxAddLinkCart', 'Warenkorb anzeigen', '2010-01-01 00:00:00', '2010-09-28 11:54:19'),
(87, 'frontend/checkout/ajax_add_article', 1, 1, 'AjaxAddHeaderCrossSelling', 'Diese Artikel könnten Ihnen gefallen', '2010-01-01 00:00:00', '2010-09-28 11:54:19'),
(88, 'frontend/checkout/ajax_amount', 1, 1, 'AjaxAmountInfoCountArticles', 'Artikel', '2010-01-01 00:00:00', '2010-09-28 11:54:19'),
(89, 'frontend/account/ajax_login', 1, 1, 'LoginHeader', 'Eine Online-Bestellung ist einfach', '2010-01-01 00:00:00', '2010-09-28 11:54:19'),
(90, 'frontend/account/ajax_login', 1, 1, 'LoginLabelMail', 'Ihre eMail-Adresse:', '2010-01-01 00:00:00', '2010-09-28 11:54:19'),
(91, 'frontend/account/ajax_login', 1, 1, 'LoginLabelNew', 'Neuer Kunde', '2010-01-01 00:00:00', '2010-09-28 11:54:19'),
(92, 'frontend/account/ajax_login', 1, 1, 'LoginLabelExisting', 'Ich bin bereits Kunde und mein Passwort lautet', '2010-01-01 00:00:00', '2010-09-28 11:54:19'),
(93, 'frontend/account/ajax_login', 1, 1, 'LoginLinkLostPassword', 'Passwort vergessen?', '2010-01-01 00:00:00', '2010-09-28 11:54:19'),
(94, 'frontend/account/ajax_login', 1, 1, 'LoginActionClose', 'Fenster schließen', '2010-01-01 00:00:00', '2010-09-28 11:54:19'),
(95, 'frontend/detail/navigation', 1, 1, 'DetailNavNext', 'Weiter', '2010-01-01 00:00:00', '2010-09-28 11:54:19'),
(96, 'frontend/listing/listing_actions', 1, 1, 'ListingTextFrom', 'von', '2010-01-01 00:00:00', '2010-09-28 11:54:19'),
(97, 'frontend/listing/listing_actions', 1, 1, 'ListingTextSite', 'Seite', '2010-01-01 00:00:00', '2010-09-28 11:54:19'),
(98, 'frontend/listing/listing_actions', 1, 1, 'ListingLinkNext', 'Nächste Seite', '2010-01-01 00:00:00', '2010-09-28 11:54:19'),
(99, 'frontend/listing/box_article', 1, 1, 'ListingBoxArticleStartsAt', 'ab', '2010-01-01 00:00:00', '2010-09-28 11:54:19'),
(1482, 'backend/plugins/coupons/pdf/index', 1, 1, 'PluginsBackendCouponsInfo', 'Der Gutschein ist gültig bis zum \r\n				', '2010-10-11 15:38:57', '2010-10-11 15:38:57'),
(101, 'frontend/widgets/compare/index', 1, 1, 'DetailActionLinkCompare', 'Artikel vergleichen', '2010-01-01 00:00:00', '2010-09-28 11:54:19'),
(102, 'frontend/register/personal_fieldset', 1, 1, 'RegisterPersonalHeadline', 'Ihre persönlichen Angaben', '2010-01-01 00:00:00', '2010-09-28 11:54:19'),
(103, 'frontend/register/personal_fieldset', 1, 1, 'RegisterPersonalLabelType', 'Ich bin', '2010-01-01 00:00:00', '2010-09-28 11:54:19'),
(104, 'frontend/register/personal_fieldset', 1, 1, 'RegisterPersonalLabelPrivate', 'Privatkunde', '2010-01-01 00:00:00', '2010-09-28 11:54:19'),
(105, 'frontend/register/personal_fieldset', 1, 1, 'RegisterPersonalLabelBusiness', 'Firma', '2010-01-01 00:00:00', '2010-09-28 11:54:19'),
(106, 'frontend/register/personal_fieldset', 1, 1, 'RegisterLabelSalutation', 'Anrede*:', '2010-01-01 00:00:00', '2010-09-28 11:54:19'),
(107, 'frontend/register/personal_fieldset', 1, 1, 'RegisterLabelMr', 'Herr', '2010-01-01 00:00:00', '2010-09-28 11:54:19'),
(108, 'frontend/register/personal_fieldset', 1, 1, 'RegisterLabelMs', 'Frau', '2010-01-01 00:00:00', '2010-09-28 11:54:19'),
(109, 'frontend/register/personal_fieldset', 1, 1, 'RegisterLabelFirstname', 'Vorname*:', '2010-01-01 00:00:00', '2010-09-28 11:54:19'),
(110, 'frontend/register/personal_fieldset', 1, 1, 'RegisterLabelLastname', 'Nachname*:', '2010-01-01 00:00:00', '2010-09-28 11:54:19'),
(111, 'frontend/register/personal_fieldset', 1, 1, 'RegisterLabelNoAccount', 'Kein Kundenkonto anlegen', '2010-01-01 00:00:00', '2010-09-28 11:54:19'),
(112, 'frontend/register/personal_fieldset', 1, 1, 'RegisterLabelMail', 'Ihre eMail-Adresse*:', '2010-01-01 00:00:00', '2010-09-28 11:54:19'),
(113, 'frontend/register/personal_fieldset', 1, 1, 'RegisterLabelMailConfirmation', 'Wiederholen Sie Ihre eMail-Adresse*:', '2010-01-01 00:00:00', '2010-09-28 11:54:19'),
(114, 'frontend/register/personal_fieldset', 1, 1, 'RegisterLabelPassword', 'Ihr Passwort*:', '2010-01-01 00:00:00', '2010-09-28 11:54:19'),
(115, 'frontend/register/personal_fieldset', 1, 1, 'RegisterLabelPasswordRepeat', 'Wiederholen Sie Ihr Passwort*:', '2010-01-01 00:00:00', '2010-09-28 11:54:19'),
(116, 'frontend/register/personal_fieldset', 1, 1, 'RegisterInfoPassword', 'Ihr Passwort muss mindestens ', '2010-01-01 00:00:00', '2010-09-28 11:54:19'),
(117, 'frontend/register/personal_fieldset', 1, 1, 'RegisterInfoPasswordCharacters', 'Zeichen umfassen.', '2010-01-01 00:00:00', '2010-09-28 11:54:19'),
(118, 'frontend/register/personal_fieldset', 1, 1, 'RegisterInfoPassword2', 'Berücksichtigen Sie Groß- und Kleinschreibung.', '2010-01-01 00:00:00', '2010-09-28 11:54:19'),
(119, 'frontend/register/personal_fieldset', 1, 1, 'RegisterLabelPhone', 'Telefon*:', '2010-01-01 00:00:00', '2010-09-28 11:54:19'),
(120, 'frontend/register/personal_fieldset', 1, 1, 'RegisterLabelBirthday', 'Geburtsdatum:', '2010-01-01 00:00:00', '2010-09-28 11:54:19'),
(121, 'frontend/plugins/index/delivery_informations', 1, 1, 'DetailDataInfoNotAvailable', 'Diese Auswahl steht nicht zur Verfügung!', '2010-01-01 00:00:00', '2010-09-28 11:54:19'),
(122, 'frontend/plugins/index/delivery_informations', 1, 1, 'DetailDataInfoShippingfree', 'Versandkostenfreie Lieferung!', '2010-01-01 00:00:00', '2010-09-28 11:54:19'),
(123, 'frontend/detail/data', 1, 1, 'DetailDataInfoArticleStartsAt', 'ab', '2010-01-01 00:00:00', '2010-09-28 11:54:19'),
(124, 'frontend/blog/filter', 1, 1, 'BlogHeaderFilterProperties', 'Filter', '2010-01-01 00:00:00', '2010-09-28 11:54:19'),
(125, 'frontend/register/billing_fieldset', 1, 1, 'RegisterBillingHeadline', 'Ihre Adresse', '2010-01-01 00:00:00', '2010-09-28 11:54:19'),
(126, 'frontend/register/billing_fieldset', 1, 1, 'RegisterBillingLabelStreet', 'Straße und Nr*:', '2010-01-01 00:00:00', '2010-09-28 11:54:19'),
(127, 'frontend/register/billing_fieldset', 1, 1, 'RegisterBillingLabelCity', 'PLZ und Ort*:', '2010-01-01 00:00:00', '2010-09-28 11:54:19'),
(128, 'frontend/register/billing_fieldset', 1, 1, 'RegisterBillingLabelCountry', 'Land*:', '2010-01-01 00:00:00', '2010-09-28 11:54:19'),
(129, 'frontend/register/billing_fieldset', 1, 1, 'RegisterBillingLabelSelect', 'Bitte wählen...', '2010-01-01 00:00:00', '2010-09-28 11:54:19'),
(130, 'frontend/register/billing_fieldset', 1, 1, 'RegisterBillingLabelShipping', 'Die <strong>Lieferadresse</strong> weicht von der Rechnungsadresse ab.', '2010-01-01 00:00:00', '2010-09-28 11:54:19'),
(131, 'frontend/register/shipping_fieldset', 1, 1, 'RegisterShippingHeadline', 'Ihre abweichende Lieferadresse', '2010-01-01 00:00:00', '2010-09-28 11:54:19'),
(132, 'frontend/register/shipping_fieldset', 1, 1, 'RegisterShippingLabelSalutation', 'Anrede*:', '2010-01-01 00:00:00', '2010-09-28 11:54:19'),
(133, 'frontend/register/shipping_fieldset', 1, 1, 'RegisterShippingLabelCompany', 'Firma:', '2010-01-01 00:00:00', '2010-09-28 11:54:19'),
(134, 'frontend/register/shipping_fieldset', 1, 1, 'RegisterShippingLabelDepartment', 'Abteilung:', '2010-01-01 00:00:00', '2010-09-28 11:54:19'),
(135, 'frontend/register/shipping_fieldset', 1, 1, 'RegisterShippingLabelFirstname', 'Vorname*:', '2010-01-01 00:00:00', '2010-09-28 11:54:19'),
(136, 'frontend/register/shipping_fieldset', 1, 1, 'RegisterShippingLabelLastname', 'Nachname*:', '2010-01-01 00:00:00', '2010-09-28 11:54:19'),
(137, 'frontend/register/shipping_fieldset', 1, 1, 'RegisterShippingLabelStreet', 'Straße und Nr*:', '2010-01-01 00:00:00', '2010-09-28 11:54:19'),
(138, 'frontend/register/shipping_fieldset', 1, 1, 'RegisterShippingLabelCity', 'PLZ und Ort*:', '2010-01-01 00:00:00', '2010-09-28 11:54:19'),
(139, 'frontend/register/shipping_fieldset', 1, 1, 'RegisterShippingLabelCountry', 'Land*:', '2010-01-01 00:00:00', '2010-09-28 11:54:19'),
(140, 'frontend/register/shipping_fieldset', 1, 1, 'RegisterShippingLabelSelect', 'Bitte wählen...', '2010-01-01 00:00:00', '2010-09-28 11:54:19'),
(141, 'frontend/register/payment_fieldset', 1, 1, 'RegisterPaymentHeadline', 'Bitte wählen Sie die von Ihnen bevorzugte Zahlungsart', '2010-01-01 00:00:00', '2010-09-28 11:54:19'),
(142, 'frontend/plugins/payment/debit', 1, 1, 'PaymentDebitLabelAccount', 'Kontonummer*:', '2010-01-01 00:00:00', '2010-09-28 11:54:19'),
(143, 'frontend/plugins/payment/debit', 1, 1, 'PaymentDebitLabelBankcode', 'Bankleitzahl*:', '2010-01-01 00:00:00', '2010-09-28 11:54:19'),
(144, 'frontend/plugins/payment/debit', 1, 1, 'PaymentDebitLabelBankname', 'Ihre Bank*:', '2010-01-01 00:00:00', '2010-09-28 11:54:19'),
(145, 'frontend/plugins/payment/debit', 1, 1, 'PaymentDebitLabelName', 'Konto-Inhaber*:', '2010-01-01 00:00:00', '2010-09-28 11:54:19'),
(146, 'frontend/plugins/payment/debit', 1, 1, 'PaymentDebitInfoFields', 'Die mit einem * markierten Felder sind Pflichtfelder.', '2010-01-01 00:00:00', '2010-09-28 11:54:19'),
(147, 'frontend/register/index', 1, 1, 'RegisterInfoAdvantages', '<h2>Meine Vorteile</h2>\r\n<ul>\r\n<li>Schnelleres einkaufen</li>\r\n<li>Speichern Sie Ihre Benutzerdaten und Einstellungen</li>\r\n<li>Einblick in Ihre Bestellungen inkl. Sendungsauskunft</li>\r\n<li>Verwalten Sie Ihr Newsletter-Abo</li>\r\n</ul>', '2010-01-01 00:00:00', '2010-09-28 11:54:19'),
(148, 'frontend/register/error_message', 1, 1, 'RegisterErrorHeadline', 'Ein Fehler ist aufgetreten!', '2010-01-01 00:00:00', '2010-09-28 11:54:19'),
(149, 'frontend/detail/navigation', 1, 1, 'DetailNavPrevious', 'Zurück', '2010-01-01 00:00:00', '2010-09-28 11:54:19'),
(150, 'frontend/detail/comment', 1, 1, 'DetailCommentInfoFillOutFields', 'Bitte füllen Sie alle rot markierten Felder aus', '2010-01-01 00:00:00', '2010-09-28 11:54:19'),
(151, 'frontend/listing/filter_supplier', 1, 1, 'FilterSupplierHeadline', 'Hersteller', '2010-01-01 00:00:00', '2010-09-28 11:54:19'),
(152, 'frontend/listing/listing', 1, 1, 'ListingInfoFilterSupplier', 'Produkte von', '2010-01-01 00:00:00', '2010-09-28 11:54:19'),
(153, 'frontend/listing/listing', 1, 1, 'ListingLinkAllSuppliers', 'Alle Hersteller anzeigen', '2010-01-01 00:00:00', '2010-09-28 11:54:19'),
(154, 'frontend/custom/right.tpl', 1, 1, 'CustomHeader', 'Direkter Kontakt', '2010-01-01 00:00:00', '2010-09-28 11:54:19'),
(155, 'frontend/forms/index', 1, 1, 'FormsTextContact', '<strong>Demoshop<br />\r\n</strong><br />\r\nFügen Sie hier Ihre Kontaktdaten ein', '2010-01-01 00:00:00', '2010-09-28 11:54:19'),
(156, 'frontend/checkout/shipping_costs', 1, 1, 'ShippingHeader', 'Versandkostenberechnung', '2010-01-01 00:00:00', '2010-09-28 11:54:19'),
(157, 'frontend/checkout/shipping_costs', 1, 1, 'ShippingLabelDeliveryCountry', '1. Lieferland:', '2010-01-01 00:00:00', '2010-09-28 11:54:19'),
(158, 'frontend/checkout/shipping_costs', 1, 1, 'ShippingLabelPayment', '2. Zahlungsart:', '2010-01-01 00:00:00', '2010-09-28 11:54:19'),
(159, 'frontend/checkout/shipping_costs', 1, 1, 'ShipppingLabelDispatch', '3. Versandart:', '2010-01-01 00:00:00', '2010-09-28 11:54:19'),
(160, 'frontend/account/shipping', 1, 1, 'ShippingLinkSend', 'Ändern', '2010-01-01 00:00:00', '2010-09-28 11:54:19'),
(161, 'frontend/checkout/actions', 1, 1, 'CheckoutActionsLinkProceed', 'Zur Kasse gehen!', '2010-01-01 00:00:00', '2010-09-28 11:54:19'),
(162, 'frontend/index/checkout_actions', 1, 1, 'IndexLinkCheckout', 'Zur Kasse', '2010-01-01 00:00:00', '2010-10-15 17:02:04'),
(163, 'frontend/blog/detail', 1, 1, 'BlogHeaderCrossSelling', 'Passende Artikel', '2010-01-01 00:00:00', '2010-09-28 11:54:19'),
(164, 'frontend/checkout/confirm_left', 1, 1, 'ConfirmHeaderBilling', 'Rechnungsadresse', '2010-01-01 00:00:00', '2010-09-28 11:54:19'),
(165, 'frontend/checkout/confirm_left', 1, 1, 'ConfirmSalutationMr', 'Herr', '2010-01-01 00:00:00', '2010-09-28 11:54:19'),
(166, 'frontend/checkout/confirm_left', 1, 1, 'ConfirmLinkChangeBilling', 'Ändern', '2010-01-01 00:00:00', '2010-09-28 11:54:19'),
(167, 'frontend/checkout/confirm_left', 1, 1, 'ConfirmLinkSelectBilling', 'Andere', '2010-01-01 00:00:00', '2010-09-28 11:54:19'),
(168, 'frontend/checkout/confirm_left', 1, 1, 'ConfirmHeaderShipping', 'Lieferadresse', '2010-01-01 00:00:00', '2010-09-28 11:54:19'),
(169, 'frontend/checkout/confirm_left', 1, 1, 'ConfirmLinkChangeShipping', 'Ändern', '2010-01-01 00:00:00', '2010-09-28 11:54:19'),
(170, 'frontend/checkout/confirm_left', 1, 1, 'ConfirmLinkSelectShipping', 'Andere', '2010-01-01 00:00:00', '2010-09-28 11:54:19'),
(171, 'frontend/checkout/confirm_left', 1, 1, 'ConfirmHeaderPayment', 'Gewählte Zahlungsart', '2010-01-01 00:00:00', '2010-09-28 11:54:19'),
(172, 'frontend/checkout/confirm_left', 1, 1, 'ConfirmInfoInstantDownload', 'Kauf von Direktdownloads nur per Lastschrift oder Kreditkarte möglich', '2010-01-01 00:00:00', '2010-09-28 11:54:19'),
(173, 'frontend/checkout/confirm_left', 1, 1, 'ConfirmLinkChangePayment', 'Ändern', '2010-01-01 00:00:00', '2010-09-28 11:54:19'),
(174, 'frontend/account/billing', 1, 1, 'BillingLinkBack', 'Zurück', '2010-01-01 00:00:00', '2010-09-28 11:54:19'),
(175, 'frontend/account/content_right', 1, 1, 'AccountHeaderNavigation', 'Mein Konto', '2010-01-01 00:00:00', '2010-09-28 11:54:19'),
(176, 'frontend/ticket/listing', 1, 1, 'TicketTitle', 'Ticketsystem', '2010-01-01 00:00:00', '2010-09-28 11:54:19'),
(177, 'frontend/account/content_right', 1, 1, 'AccountLinkPreviousOrders', 'Meine Bestellungen', '2010-01-01 00:00:00', '2010-09-28 11:54:19'),
(178, 'frontend/account/content_right', 1, 1, 'AccountLinkDownloads', 'Meine Sofortdownloads', '2010-01-01 00:00:00', '2010-09-28 11:54:19'),
(179, 'frontend/account/content_right', 1, 1, 'AccountLinkBillingAddress', 'Rechnungsadresse ändern', '2010-01-01 00:00:00', '2010-09-28 11:54:19'),
(180, 'frontend/account/content_right', 1, 1, 'AccountLinkShippingAddress', 'Lieferadresse ändern', '2010-01-01 00:00:00', '2010-09-28 11:54:19'),
(181, 'frontend/account/content_right', 1, 1, 'AccountLinkPayment', 'Zahlungsart ändern', '2010-01-01 00:00:00', '2010-09-28 11:54:19'),
(182, 'frontend/account/content_right', 1, 1, 'AccountLinkNotepad', 'Merkzettel', '2010-01-01 00:00:00', '2010-09-28 11:54:19'),
(183, 'frontend/account/content_right', 1, 1, 'AccountLinkLogout', 'Abmelden Logout', '2010-01-01 00:00:00', '2010-09-28 11:54:19'),
(184, 'frontend/account/index', 1, 1, 'AccountHeaderWelcome', 'Willkommen', '2010-01-01 00:00:00', '2010-09-28 11:54:19'),
(185, 'frontend/account/index', 1, 1, 'AccountHeaderInfo', 'Dies ist Ihr Konto Dashboard, wo Sie die Möglichkeit haben, Ihre letzten Kontoaktivitäten einzusehen', '2010-01-01 00:00:00', '2010-09-28 11:54:19'),
(186, 'frontend/account/success_messages', 1, 1, 'AccountAccountSuccess', 'Zugangsdaten wurden erfolgreich gespeichert', '2010-01-01 00:00:00', '2010-09-28 11:54:19'),
(187, 'frontend/account/index', 1, 1, 'AccountHeaderBasic', 'Benutzerinformationen', '2010-01-01 00:00:00', '2010-09-28 11:54:19'),
(188, 'frontend/account/index', 1, 1, 'AccountLinkChangePassword', 'Passwort ändern', '2010-01-01 00:00:00', '2010-09-28 11:54:19'),
(189, 'frontend/account/index', 1, 1, 'AccountLinkChangePayment', 'Zahlungsart ändern', '2010-01-01 00:00:00', '2010-09-28 11:54:19'),
(190, 'frontend/account/index', 1, 1, 'AccountLabelNewPassword', 'Neues Passwort*:', '2010-01-01 00:00:00', '2010-09-28 11:54:19'),
(191, 'frontend/account/index', 1, 1, 'AccountLabelRepeatPassword', 'Passwort-Wiederholung*:', '2010-01-01 00:00:00', '2010-09-28 11:54:19'),
(192, 'frontend/account/index', 1, 1, 'AccountHeaderNewsletter', 'Ihre Newslettereinstellungen', '2010-01-01 00:00:00', '2010-09-28 11:54:19'),
(193, 'frontend/account/index', 1, 1, 'AccountLabelWantNewsletter', 'Ja, ich möchte den kostenlosen {$sShopname} Newsletter erhalten. Sie können sich jederzeit wieder abmelden!', '2010-01-01 00:00:00', '2010-10-15 13:25:20'),
(194, 'frontend/account/success_messages', 1, 1, 'AccountPaymentSuccess', 'Ihre Zahlungsweise wurde erfolgreich gespeichert', '2010-01-01 00:00:00', '2010-09-28 11:54:19'),
(195, 'frontend/account/index', 1, 1, 'AccountHeaderPrimaryBilling', 'Primäre Rechnungsadresse', '2010-01-01 00:00:00', '2010-09-28 11:54:19'),
(196, 'frontend/account/index', 1, 1, 'AccountLinkSelectBilling', 'Andere wählen', '2010-01-01 00:00:00', '2010-09-28 11:54:19'),
(197, 'frontend/account/index', 1, 1, 'AccountHeaderPrimaryShipping', 'Primäre Lieferadresse', '2010-01-01 00:00:00', '2010-09-28 11:54:19'),
(198, 'frontend/account/index', 1, 1, 'AccountLinkSelectShipping', 'Andere wählen', '2010-01-01 00:00:00', '2010-09-28 11:54:19'),
(199, 'frontend/account/orders', 1, 1, 'OrdersHeader', 'Bestellungen nach Datum sortiert', '2010-01-01 00:00:00', '2010-09-28 11:54:19'),
(200, 'frontend/account/downloads', 1, 1, 'DownloadsColumnDate', 'Datum', '2010-01-01 00:00:00', '2010-09-28 11:54:19'),
(201, 'frontend/account/orders', 1, 1, 'OrderColumnId', 'Bestellnummer:', '2010-01-01 00:00:00', '2010-09-28 11:54:19'),
(202, 'frontend/account/orders', 1, 1, 'OrderColumnDispatch', 'Versandart', '2010-01-01 00:00:00', '2010-09-28 11:54:19'),
(203, 'frontend/account/orders', 1, 1, 'OrderColumnStatus', 'Bestellstatus', '2010-01-01 00:00:00', '2010-09-28 11:54:19'),
(204, 'frontend/account/orders', 1, 1, 'OrderColumnActions', 'Aktionen', '2010-01-01 00:00:00', '2010-09-28 11:54:19'),
(205, 'frontend/account/order_item', 1, 1, 'OrderItemInfoNotProcessed', 'Bestellung wurde noch nicht bearbeitet', '2010-01-01 00:00:00', '2010-09-28 11:54:19'),
(206, 'frontend/account/order_item', 1, 1, 'OrderActionSlide', 'Anzeigen', '2010-01-01 00:00:00', '2010-09-28 11:54:19'),
(207, 'frontend/account/downloads', 1, 1, 'DownloadsColumnName', 'Artikel', '2010-01-01 00:00:00', '2010-09-28 11:54:19'),
(208, 'frontend/account/order_item', 1, 1, 'OrderItemColumnQuantity', 'Anzahl', '2010-01-01 00:00:00', '2010-09-28 11:54:19'),
(209, 'frontend/account/order_item', 1, 1, 'OrderItemColumnPrice', 'Stückpreis', '2010-01-01 00:00:00', '2010-09-28 11:54:19'),
(210, 'frontend/account/order_item', 1, 1, 'OrderItemColumnTotal', 'Summe', '2010-01-01 00:00:00', '2010-09-28 11:54:19'),
(211, 'frontend/account/order_item', 1, 1, 'OrderItemColumnDate', 'Vom:', '2010-01-01 00:00:00', '2010-09-28 11:54:19'),
(212, 'frontend/account/order_item', 1, 1, 'OrderItemColumnId', 'Bestellnummer:', '2010-01-01 00:00:00', '2010-09-28 11:54:19'),
(213, 'frontend/account/order_item', 1, 1, 'OrderItemColumnDispatch', 'Versandart', '2010-01-01 00:00:00', '2010-09-28 11:54:19'),
(214, 'frontend/account/order_item', 1, 1, 'OrderLinkRepeat', 'Bestellung wiederholen', '2010-01-01 00:00:00', '2010-09-28 11:54:19'),
(215, 'frontend/account/order_item', 1, 1, 'OrderItemShippingcosts', 'Versandkosten:', '2010-01-01 00:00:00', '2010-09-28 11:54:19'),
(216, 'frontend/account/order_item', 1, 1, 'OrderItemTotal', 'Gesamtsumme:', '2010-01-01 00:00:00', '2010-09-28 11:54:19'),
(217, 'frontend/account/downloads', 1, 1, 'DownloadsHeader', 'Ihre Sofortdownloads nach Datum sortiert', '2010-01-01 00:00:00', '2010-09-28 11:54:19'),
(218, 'frontend/note/index', 1, 1, 'NoteHeadline', 'Merkzettel', '2010-01-01 00:00:00', '2010-09-28 11:54:19'),
(219, 'frontend/note/index', 1, 1, 'NoteText', 'Speichern Sie hier Ihre pers&ouml;nlichen Favoriten - bis Sie das n&auml;chste Mal bei uns sind.', '2010-01-01 00:00:00', '2010-09-28 11:54:19'),
(220, 'frontend/note/index', 1, 1, 'NoteText2', 'Einfach den gewünschten Artikel auf die Merkliste setzen und {$sShopname} speichert für Sie automatisch Ihre persönliche Merkliste.\r\nSo können Sie bequem bei einem späteren Besuch Ihre vorgemerkten Artikel wieder abrufen.', '2010-01-01 00:00:00', '2010-09-28 11:54:19'),
(221, 'frontend/note/index', 1, 1, 'NoteColumnName', 'Artikel', '2010-01-01 00:00:00', '2010-09-28 11:54:19'),
(222, 'frontend/note/index', 1, 1, 'NoteColumnPrice', 'Stückpreis', '2010-01-01 00:00:00', '2010-09-28 11:54:19'),
(223, 'frontend/checkout/error_messages', 1, 1, 'ConfirmInfoPaymentNotCompatibleWithESD', 'Diese Zahlungsart steht für Sofortdownloads nicht zur Verfügung', '2010-01-01 00:00:00', '2010-09-28 11:54:19'),
(224, 'frontend/checkout/cart', 1, 1, 'CartTitle', 'Warenkorb', '2010-01-01 00:00:00', '2010-09-28 11:54:19'),
(225, 'frontend/checkout/ajax_add_article', 1, 1, 'AjaxAddLabelQuantity', 'Menge', '2010-01-01 00:00:00', '2010-09-28 11:54:19'),
(226, 'frontend/checkout/ajax_add_article', 1, 1, 'AjaxAddLabelOrdernumber', 'Bestellnummer', '2010-01-01 00:00:00', '2010-09-28 11:54:19'),
(227, 'frontend/account/logout', 1, 1, 'LogoutInfoFinished', 'Sie wurden erfolgreich ausgeloggt!', '2010-01-01 00:00:00', '2010-09-28 11:54:19'),
(228, 'frontend/account/logout', 1, 1, 'LogoutLinkHomepage', 'zur Startseite wechseln', '2010-01-01 00:00:00', '2010-09-28 11:54:19'),
(229, 'frontend/checkout/ajax_cart', 1, 1, 'AjaxCartInfoEmpty', 'Ihr Warenkorb ist leer', '2010-01-01 00:00:00', '2010-09-28 11:54:19'),
(230, 'frontend/checkout/ajax_cart', 1, 1, 'AjaxCartLinkBasket', 'Warenkorb öffnen', '2010-01-01 00:00:00', '2010-09-28 11:54:19'),
(231, 'frontend/search/paging', 1, 1, 'ListingSortRelevance', 'Relevanz', '2010-01-01 00:00:00', '2010-09-28 11:54:19'),
(232, 'frontend/search/paging', 1, 1, 'ListingLabelSort', 'Sortierung', '2010-01-01 00:00:00', '2010-09-28 11:54:19'),
(233, 'frontend/newsletter/index', 1, 1, 'sNewsletterOptionSubscribe', 'Newsletter abonnieren', '2010-01-01 00:00:00', '2010-09-28 11:54:19'),
(234, 'frontend/newsletter/index', 1, 1, 'sNewsletterOptionUnsubscribe', 'Newsletter abbestellen', '2010-01-01 00:00:00', '2010-09-28 11:54:19'),
(235, 'frontend/newsletter/index', 1, 1, 'sNewsletterLabelMail', 'Ihre eMail-Adresse*:', '2010-01-01 00:00:00', '2010-10-15 13:18:53'),
(236, 'frontend/newsletter/index', 1, 1, 'sNewsletterInfo', 'Abonnieren Sie jetzt einfach unseren regelmäßig erscheinenden\r\nNewsletter und Sie werden stets als Erster über\r\nneue Artikel und Angebote informiert.<br />\r\nDer Newsletter ist natürlich jederzeit über einen Link in der\r\neMail oder dieser Seite wieder abbestellbar.', '2010-01-01 00:00:00', '2010-09-28 11:54:19'),
(237, 'frontend/newsletter/index', 1, 1, 'sNewsletterButton', 'Speichern', '2010-01-01 00:00:00', '2010-09-28 11:54:19'),
(238, 'frontend/listing/box_article', 1, 1, 'ListingBoxTip', 'TIPP!', '2010-01-01 00:00:00', '2010-09-28 11:54:19'),
(239, 'frontend/listing/box_article', 1, 1, 'ListingBoxInstantDownload', 'Download', '2010-01-01 00:00:00', '2010-09-28 11:54:19'),
(240, 'frontend/detail/liveshopping/ticker/countdown', 1, 1, 'LiveTickerCurrentPrice', 'Aktueller Preis', '2010-01-01 00:00:00', '2010-09-28 11:54:19'),
(241, 'frontend/detail/liveshopping/ticker/timeline', 1, 1, 'LiveTimeDays', 'Tage', '2010-01-01 00:00:00', '2010-09-28 11:54:19'),
(242, 'frontend/detail/liveshopping/ticker/timeline', 1, 1, 'LiveTimeHours', 'Stunden', '2010-01-01 00:00:00', '2010-09-28 11:54:19'),
(243, 'frontend/detail/liveshopping/ticker/timeline', 1, 1, 'LiveTimeMinutes', 'Minuten', '2010-01-01 00:00:00', '2010-09-28 11:54:19'),
(244, 'frontend/detail/liveshopping/ticker/timeline', 1, 1, 'LiveTimeSeconds', 'Sekunden', '2010-01-01 00:00:00', '2010-09-28 11:54:19'),
(245, 'frontend/register/steps', 1, 1, 'CheckoutStepBasketNumber', '1', '2010-01-01 00:00:00', '2010-09-28 11:54:19'),
(246, 'frontend/register/steps', 1, 1, 'CheckoutStepBasketText', 'Warenkorb', '2010-01-01 00:00:00', '2010-09-28 11:54:19'),
(247, 'frontend/search/fuzzy', 1, 1, 'SearchFuzzyHeadlineEmpty', 'Leider wurden zu "{$sRequests.sSearchOrginal}" keine Artikel gefunden', '2010-01-01 00:00:00', '2010-09-28 11:54:19'),
(248, 'frontend/register/steps', 1, 1, 'CheckoutStepRegisterNumber', '2', '2010-01-01 00:00:00', '2010-09-28 11:54:19'),
(249, 'frontend/register/steps', 1, 1, 'CheckoutStepRegisterText', 'Registrierung', '2010-01-01 00:00:00', '2010-09-28 11:54:19'),
(250, 'frontend/index/index', 1, 1, 'IndexRealizedWith', 'Realisiert mit ', '2010-01-01 00:00:00', '2010-09-28 11:54:19'),
(251, 'frontend/index/menu_left', 1, 1, 'MenuLeftHeading', 'Informationen', '2010-01-01 00:00:00', '2010-09-28 11:54:19'),
(252, 'frontend/widgets/advanced_menu/index', 1, 1, 'IndexLinkHome', 'Home', '2010-01-01 00:00:00', '2010-09-28 11:54:19'),
(253, 'frontend/widgets/compare/index', 1, 1, 'ListingBoxLinkCompare', 'Vergleichen', '2010-01-01 00:00:00', '2010-10-17 19:01:26'),
(254, 'frontend/search/fuzzy_left', 1, 1, 'SearchLeftHeadlinePrice', 'nach Preis', '2010-01-01 00:00:00', '2010-09-28 11:54:19'),
(255, 'frontend/search/fuzzy_left', 1, 1, 'SearchLeftHeadlineSupplier', 'nach Hersteller', '2010-01-01 00:00:00', '2010-09-28 11:54:19'),
(256, 'frontend/listing/box_similar', 1, 1, 'SimilarBoxLinkCompare', 'Vergleichen', '2010-01-01 00:00:00', '2010-09-28 11:54:19'),
(257, 'frontend/tellafriend/index', 1, 1, 'TellAFriendHeadline', 'weiterempfehlen.', '2010-01-01 00:00:00', '2010-10-17 18:49:19'),
(258, 'frontend/tellafriend/index', 1, 1, 'TellAFriendLabelName', 'Ihr Name', '2010-01-01 00:00:00', '2010-09-28 11:54:19'),
(259, 'frontend/tellafriend/index', 1, 1, 'TellAFriendLabelMail', 'Ihre eMail-Adresse*:', '2010-01-01 00:00:00', '2010-09-28 11:54:19'),
(260, 'frontend/tellafriend/index', 1, 1, 'TellAFriendLabelFriendsMail', 'Empfänger eMail-Adresse', '2010-01-01 00:00:00', '2010-09-28 11:54:19'),
(261, 'frontend/tellafriend/index', 1, 1, 'TellAFriendLabelComment', 'Ihr Kommentar:', '2010-01-01 00:00:00', '2010-09-28 11:54:19'),
(262, 'frontend/tellafriend/index', 1, 1, 'TellAFriendLabelCaptcha', 'Captcha', '2010-01-01 00:00:00', '2010-09-28 11:54:19'),
(263, 'frontend/tellafriend/index', 1, 1, 'TellAFriendLinkBack', 'Zurück', '2010-01-01 00:00:00', '2010-09-28 11:54:19'),
(264, 'frontend/tellafriend/index', 1, 1, 'TellAFriendActionSubmit', 'Senden', '2010-01-01 00:00:00', '2010-09-28 11:54:19'),
(265, 'frontend/forms/elements', 1, 1, 'SupportLabelCaptcha', 'Bitte geben Sie die Zahlenfolge in das nachfolgende Textfeld ein', '2010-01-01 00:00:00', '2010-09-28 11:54:19'),
(266, 'frontend/forms/elements', 1, 1, 'SupportLabelInfoFields', 'Die mit einem * markierten Felder sind Pflichtfelder.', '2010-01-01 00:00:00', '2010-09-28 11:54:19'),
(267, 'frontend/forms/elements', 1, 1, 'SupportActionSubmit', 'Senden', '2010-01-01 00:00:00', '2010-09-28 11:54:19'),
(268, 'frontend/compare/index', 1, 1, 'CompareInfoCount', 'Artikel vergleichen', '2010-01-01 00:00:00', '2010-09-28 11:54:19'),
(269, 'frontend/compare/col_description', 1, 1, 'CompareColumnPicture', 'Bild', '2010-01-01 00:00:00', '2010-09-28 11:54:19'),
(270, 'frontend/compare/col_description', 1, 1, 'CompareColumnName', 'Name', '2010-01-01 00:00:00', '2010-09-28 11:54:19'),
(271, 'frontend/compare/col_description', 1, 1, 'CompareColumnRating', 'Bewertung', '2010-01-01 00:00:00', '2010-09-28 11:54:19'),
(272, 'frontend/compare/col_description', 1, 1, 'CompareColumnDescription', 'Beschreibung', '2010-01-01 00:00:00', '2010-09-28 11:54:19'),
(273, 'frontend/compare/col_description', 1, 1, 'CompareColumnPrice', 'Preis', '2010-01-01 00:00:00', '2010-09-28 11:54:19'),
(274, 'frontend/compare/overlay', 1, 1, 'CompareActionClose', 'Schließen', '2010-01-01 00:00:00', '2010-09-28 11:54:19'),
(275, 'frontend/detail/comment', 1, 1, 'DetailCommentInfoSuccess', 'Vielen Dank für die Abgabe Ihrer Bewertung! Ihre Bewertung wird nach Überprüfung freigeschaltet.', '2010-01-01 00:00:00', '2010-09-28 11:54:19'),
(276, 'frontend/detail/comment', 1, 1, 'DetailCommentInfoAverageRate', 'Durchschnittliche Kundenbewertung:', '2010-01-01 00:00:00', '2010-09-28 11:54:19'),
(277, 'frontend/detail/comment', 1, 1, 'DetailCommentInfoRating', 'aus {$sArticle.sVoteAverange.count} Kundenbewertungen', '2010-01-01 00:00:00', '2010-09-28 11:54:19'),
(278, 'frontend/detail/comment', 1, 1, 'DetailCommentInfoFrom', 'Von:', '2010-01-01 00:00:00', '2010-09-28 11:54:19'),
(279, 'frontend/checkout/ajax_add_article', 1, 1, 'AjaxAddErrorHeader', 'Artikel konnte nicht in den Warenkorb gelegt werden', '2010-01-01 00:00:00', '2010-09-28 11:54:19'),
(280, 'frontend/detail/data', 1, 1, 'DetailDataInfoSavePercent', 'gespart', '2010-01-01 00:00:00', '2010-09-28 11:54:19'),
(281, 'frontend/detail/tabs', 1, 1, 'DetailTabsAccessories ', 'Zubehör', '2010-01-01 00:00:00', '2010-10-17 22:14:22'),
(282, 'frontend/detail/related', 1, 1, 'DetailRelatedHeader', 'Hierzu passende Artikel:', '2010-01-01 00:00:00', '2010-09-28 11:54:19'),
(283, 'frontend/account/index', 1, 1, 'AccountTitle', 'Kundenkonto', '2010-01-01 00:00:00', '2010-09-28 11:54:19'),
(284, 'frontend/note/item', 1, 1, 'NoteLinkDetails', 'Zum Produkt', '2010-01-01 00:00:00', '2010-10-16 16:47:40'),
(285, 'frontend/note/item', 1, 1, 'NoteLinkCompare', 'Vergleichen', '2010-01-01 00:00:00', '2010-09-28 11:54:19'),
(286, 'frontend/note/item', 1, 1, 'NoteInfoId', 'Bestellnummer:', '2010-01-01 00:00:00', '2010-09-28 11:54:19'),
(287, 'frontend/note/item', 1, 1, 'NoteLinkDelete', 'Löschen', '2010-01-01 00:00:00', '2010-09-28 11:54:19'),
(288, 'frontend/note/item', 1, 1, 'NoteLinkBuy', 'Kaufen', '2010-01-01 00:00:00', '2010-09-28 11:54:19'),
(289, 'frontend/detail/buy', 1, 1, 'DetailBuyValueSelect', 'Bitte wählen...', '2010-01-01 00:00:00', '2010-09-28 11:54:19'),
(290, 'frontend/detail/data', 1, 1, 'DetailDataInfoContent', 'Inhalt:', '2010-01-01 00:00:00', '2010-09-28 11:54:19'),
(291, 'frontend/detail/data', 1, 1, 'DetailDataInfoBaseprice', 'Grundpreis:', '2010-01-01 00:00:00', '2010-09-28 11:54:19'),
(292, 'frontend/compare/added', 1, 1, 'CompareHeaderTitle', 'Artikel vergleichen', '2010-01-01 00:00:00', '2010-09-28 11:54:19'),
(293, 'frontend/compare/added', 1, 1, 'LoginActionClose', 'Schließen', '2010-01-01 00:00:00', '2010-09-28 11:54:19'),
(294, 'frontend/detail/article_config_upprice', 1, 1, 'DetailConfigActionSubmit', 'Jetzt aktualisieren', '2010-01-01 00:00:00', '2010-09-28 11:54:19'),
(295, 'frontend/newsletter/listing', 1, 1, 'NewsletterListingLinkDetails', '[mehr]', '2010-01-01 00:00:00', '2010-09-28 11:54:19'),
(296, 'frontend/newsletter/detail', 1, 1, 'NewsletterDetailLinkBack', 'Zurück', '2010-01-01 00:00:00', '2010-09-28 11:54:19'),
(297, 'frontend/newsletter/detail', 1, 1, 'NewsletterDetailLinkNewWindow', 'Newsletter in neuem Fenster öffnen', '2010-01-01 00:00:00', '2010-09-28 11:54:19'),
(298, 'frontend/blog/detail', 1, 1, 'BlogInfoCategories', 'Kategoriezuordnung', '2010-01-01 00:00:00', '2010-09-28 11:54:19'),
(299, 'frontend/blog/detail', 1, 1, 'BlogLinkComments', 'Zu den Kommentaren des Artikels', '2010-01-01 00:00:00', '2010-09-28 11:54:19'),
(300, 'frontend/blog/detail', 1, 1, 'BlogInfoComments', 'Kommentare', '2010-01-01 00:00:00', '2010-09-28 11:54:19'),
(301, 'frontend/blog/detail', 1, 1, 'BlogHeaderRating', 'Bewertung', '2010-01-01 00:00:00', '2010-09-28 11:54:19'),
(302, 'frontend/blog/box', 1, 1, 'BlogInfoRating', 'Bewertung', '2010-01-01 00:00:00', '2010-09-28 11:54:19'),
(303, 'frontend/blog/detail', 1, 1, 'BlogInfoFrom', 'von', '2010-01-01 00:00:00', '2010-09-28 11:54:19'),
(304, 'frontend/blog/bookmarks', 1, 1, 'BookmarkTwitter', 'Twitter', '2010-01-01 00:00:00', '2010-09-28 11:54:19'),
(305, 'frontend/blog/bookmarks', 1, 1, 'BookmarkFacebook', 'Facebook', '2010-01-01 00:00:00', '2010-09-28 11:54:19'),
(306, 'frontend/blog/bookmarks', 1, 1, 'BookmarkDelicious', 'Delicious', '2010-01-01 00:00:00', '2010-09-28 11:54:19'),
(307, 'frontend/blog/bookmarks', 1, 1, 'BookmarkDiggit', 'Diggit', '2010-01-01 00:00:00', '2010-09-28 11:54:19'),
(308, 'frontend/blog/comments', 1, 1, 'BlogHeaderWriteComment', 'Kommentar schreiben', '2010-01-01 00:00:00', '2010-09-28 11:54:19'),
(309, 'frontend/blog/comments', 1, 1, 'BlogInfoFields', 'Die mit einem * markierten Felder sind Pflichtfelder.', '2010-01-01 00:00:00', '2010-09-28 11:54:19'),
(310, 'frontend/blog/comments', 1, 1, 'BlogLabelName', 'Ihr Name', '2010-01-01 00:00:00', '2010-09-28 11:54:19'),
(311, 'frontend/blog/comments', 1, 1, 'BlogLabelMail', 'Ihre eMail-Adresse', '2010-01-01 00:00:00', '2010-09-28 11:54:19'),
(312, 'frontend/blog/comments', 1, 1, 'BlogLabelRating', 'Bewertung', '2010-01-01 00:00:00', '2010-09-28 11:54:19'),
(313, 'frontend/blog/comments', 1, 1, 'rate10', '10 sehr gut', '2010-01-01 00:00:00', '2010-09-28 11:54:19'),
(314, 'frontend/blog/comments', 1, 1, 'rate9', '9', '2010-01-01 00:00:00', '2010-09-28 11:54:19'),
(315, 'frontend/blog/comments', 1, 1, 'rate8', '8', '2010-01-01 00:00:00', '2010-09-28 11:54:19'),
(316, 'frontend/blog/comments', 1, 1, 'rate7', '7', '2010-01-01 00:00:00', '2010-09-28 11:54:19'),
(317, 'frontend/blog/comments', 1, 1, 'rate6', '6', '2010-01-01 00:00:00', '2010-09-28 11:54:19'),
(318, 'frontend/blog/comments', 1, 1, 'rate5', '5', '2010-01-01 00:00:00', '2010-09-28 11:54:19'),
(319, 'frontend/blog/comments', 1, 1, 'rate4', '4', '2010-01-01 00:00:00', '2010-09-28 11:54:19'),
(320, 'frontend/blog/comments', 1, 1, 'rate3', '3', '2010-01-01 00:00:00', '2010-09-28 11:54:19'),
(321, 'frontend/blog/comments', 1, 1, 'rate2', '2', '2010-01-01 00:00:00', '2010-09-28 11:54:19'),
(322, 'frontend/blog/comments', 1, 1, 'rate1', '1 sehr schlecht', '2010-01-01 00:00:00', '2010-09-28 11:54:19'),
(323, 'frontend/blog/comments', 1, 1, 'BlogLabelSummary', 'Zusammenfassung', '2010-01-01 00:00:00', '2010-09-28 11:54:19'),
(324, 'frontend/blog/comments', 1, 1, 'BlogLabelComment', 'Ihre Meinung:', '2010-01-01 00:00:00', '2010-09-28 11:54:19'),
(325, 'frontend/blog/comments', 1, 1, 'BlogLabelCaptcha', 'Bitte geben Sie die Zahlenfolge in das nachfolgende Textfeld ein', '2010-01-01 00:00:00', '2010-09-28 11:54:19'),
(326, 'frontend/blog/comments', 1, 1, 'BlogLinkSaveComment', 'Speichern', '2010-01-01 00:00:00', '2010-09-28 11:54:19'),
(327, 'frontend/checkout/cart', 1, 1, 'CartInfoFreeShipping', 'VERSANDKOSTENFREI', '2010-01-01 00:00:00', '2010-09-28 11:54:19'),
(328, 'frontend/checkout/cart', 1, 1, 'CartInfoFreeShippingDifference', '- Bestellen Sie für weitere {$sShippingcostsDifference|currency} um Ihre Bestellung versandkostenfrei zu erhalten!', '2010-01-01 00:00:00', '2010-09-28 11:54:19'),
(329, 'frontend/checkout/cart_header', 1, 1, 'CartColumnName', 'Artikel', '2010-01-01 00:00:00', '2010-09-28 11:54:19'),
(330, 'frontend/checkout/cart_header', 1, 1, 'CartColumnAvailability', 'Verfügbarkeit', '2010-01-01 00:00:00', '2010-09-28 11:54:19'),
(331, 'frontend/checkout/cart_header', 1, 1, 'CartColumnPrice', 'Stückpreis', '2010-01-01 00:00:00', '2010-09-28 11:54:19'),
(332, 'frontend/checkout/cart_item', 1, 1, 'CartItemInfoId', 'Bestell-Nr.', '2010-01-01 00:00:00', '2010-09-28 11:54:19'),
(333, 'frontend/checkout/cart_item', 1, 1, 'CartItemLinkDelete', 'Löschen', '2010-01-01 00:00:00', '2010-09-28 11:54:19'),
(334, 'frontend/checkout/cart_footer_left', 1, 1, 'CheckoutFooterActionAddVoucher', 'Hinzufügen', '2010-01-01 00:00:00', '2010-09-28 11:54:19'),
(335, 'frontend/checkout/cart_footer_left', 1, 1, 'CheckoutFooterLabelAddArticle', 'Artikel hinzufügen', '2010-01-01 00:00:00', '2010-09-28 11:54:19'),
(336, 'frontend/checkout/cart_footer_left', 1, 1, 'CheckoutFooterIdLabelInline', 'Bestell-Nr.', '2010-01-01 00:00:00', '2010-09-28 11:54:19'),
(337, 'frontend/checkout/cart_footer_left', 1, 1, 'CheckoutFooterActionAdd', 'Hinzufügen', '2010-01-01 00:00:00', '2010-09-28 11:54:19'),
(338, 'frontend/checkout/cart_footer', 1, 1, 'CartFooterSum', 'Summe', '2010-01-01 00:00:00', '2010-09-28 11:54:19'),
(339, 'frontend/checkout/cart_footer', 1, 1, 'CartFooterShipping', 'Versandkosten', '2010-01-01 00:00:00', '2010-09-28 11:54:19'),
(340, 'frontend/checkout/cart_footer', 1, 1, 'CartFooterTotal', 'Gesamtsumme', '2010-01-01 00:00:00', '2010-09-28 11:54:19'),
(341, 'frontend/checkout/actions', 1, 1, 'CheckoutActionsLinkLast', 'Weiter shoppen', '2010-01-01 00:00:00', '2010-09-28 11:54:19'),
(342, 'frontend/checkout/confirm', 1, 1, 'ConfirmHeader', 'Bitte überprüfen Sie Ihre Bestellung nochmals, bevor Sie sie senden.', '2010-01-01 00:00:00', '2010-09-28 11:54:19'),
(343, 'frontend/checkout/confirm', 1, 1, 'ConfirmInfoChange', 'Rechnungsadresse, Lieferadresse und Zahlungsart k&ouml;nnen Sie jetzt noch &auml;ndern.', '2010-01-01 00:00:00', '2010-09-28 11:54:19'),
(344, 'frontend/checkout/confirm', 1, 1, 'ConfirmInfoPaymentData', '<strong>\r\nUnsere Bankverbindung:\r\n</strong>\r\nVolksbank Musterstadt\r\nBLZ:\r\nKto.-Nr.:', '2010-01-01 00:00:00', '2010-09-28 11:54:19'),
(345, 'frontend/checkout/confirm_header', 1, 1, 'CheckoutColumnTax', 'Enthaltene MwSt.', '2010-01-01 00:00:00', '2010-09-28 11:54:19'),
(346, 'frontend/checkout/confirm', 1, 1, 'ConfirmLabelComment', 'Kommentar:', '2010-01-01 00:00:00', '2010-09-28 11:54:19'),
(347, 'frontend/checkout/confirm', 1, 1, 'ConfirmTerms', 'Ich habe die <a href="{url controller=custom sCustom=4}" title="AGB"><span style="text-decoration:underline;">AGB</span></a> Ihres Shops gelesen und bin mit deren Geltung einverstanden.', '2010-01-01 00:00:00', '2010-10-07 23:31:45'),
(348, 'frontend/checkout/confirm', 1, 1, 'ConfirmTextOrderDefault', 'Optionaler FreitextBei Zahlung per Bankeinzug oder per Kreditkarte erfolgt die Belastung Ihres Kontos fünf Tage nach Bestellung der Ware.', '2010-01-01 00:00:00', '2010-09-28 11:54:19'),
(349, 'frontend/checkout/confirm', 1, 1, 'ConfirmActionSubmit', 'Bestellung absenden', '2010-01-01 00:00:00', '2010-10-16 16:51:57'),
(350, 'frontend/account/password', 1, 1, 'PasswordHeader', 'Passwort vergessen? Hier können Sie ein neues Passwort anfordern', '2010-01-01 00:00:00', '2010-09-28 11:54:19'),
(351, 'frontend/account/password', 1, 1, 'PasswordLabelMail', 'Ihre eMail-Adresse:', '2010-01-01 00:00:00', '2010-09-28 11:54:19'),
(352, 'frontend/account/password', 1, 1, 'PasswordText', 'Wir senden Ihnen ein neues, zufällig generiertes Passwort. Dieses können Sie dann im Kundenbereich ändern.', '2010-01-01 00:00:00', '2010-09-28 11:54:19'),
(353, 'frontend/account/password', 1, 1, 'PasswordLinkBack', 'Zurück', '2010-01-01 00:00:00', '2010-09-28 11:54:19'),
(354, 'frontend/detail/bundle/box_bundle', 1, 1, 'BundleHeader', 'Sparen Sie jetzt mit unseren Bundle-Angeboten', '2010-01-01 00:00:00', '2010-09-28 11:54:19'),
(355, 'frontend/detail/bundle/box_bundle', 1, 1, 'BundleActionAdd', 'In den Warenkorb', '2010-01-01 00:00:00', '2010-09-28 11:54:19'),
(356, 'frontend/detail/bundle/box_bundle', 1, 1, 'BundleInfoPriceForAll', 'Preis für alle', '2010-01-01 00:00:00', '2010-09-28 11:54:19'),
(357, 'frontend/detail/bundle/box_bundle', 1, 1, 'BundleInfoPriceInstead', 'Statt', '2010-01-01 00:00:00', '2010-09-28 11:54:19'),
(358, 'frontend/detail/bundle/box_bundle', 1, 1, 'BundleInfoPercent', '% Rabatt', '2010-01-01 00:00:00', '2010-09-28 11:54:19'),
(359, 'frontend/detail/description', 1, 1, 'DetailDescriptionHeaderDownloads', 'Verfügbare Downloads:', '2010-01-01 00:00:00', '2010-09-28 11:54:19'),
(360, 'frontend/detail/description', 1, 1, 'DetailDescriptionLinkDownload', 'Download', '2010-01-01 00:00:00', '2010-09-28 11:54:19'),
(361, 'frontend/checkout/premiums', 1, 1, 'PremiumsHeader', 'Bitte wählen Sie zwischen den folgenden Prämien', '2010-01-01 00:00:00', '2010-09-28 11:54:19'),
(362, 'frontend/newsletter/index', 1, 1, 'NewsletterTitle', 'Newsletter', '2010-01-01 00:00:00', '2010-09-28 11:54:19'),
(363, 'frontend/checkout/premiums', 1, 1, 'PremiumActionAdd', 'Prämie auswählen', '2010-01-01 00:00:00', '2010-09-28 11:54:19'),
(1392, 'documents/index', 1, 1, 'DocumentIndexVoucher', '\n						Für den nächsten Einkauf schenken wir Ihnen einen {$Document.voucher.value} {$Document.voucher.prefix} Gutschein\n						mit dem Code "{$Document.voucher.code}".<br />\n					', '2010-09-28 13:02:44', '2010-09-28 13:02:44'),
(365, 'frontend/checkout/actions', 1, 1, 'CheckoutActionsLinkOffer', 'Angebot anfordern', '2010-01-01 00:00:00', '2010-09-28 11:54:19');
INSERT INTO `s_core_snippets` (`id`, `namespace`, `shopID`, `localeID`, `name`, `value`, `created`, `updated`) VALUES
(366, 'frontend/newsletter/index', 1, 1, 'NewsletterRegisterHeadline', 'Newsletter abonnieren', '2010-01-01 00:00:00', '2010-09-28 11:54:19'),
(367, 'frontend/account/login', 1, 1, 'LoginHeaderNew', 'Sie sind neu bei', '2010-01-01 00:00:00', '2010-09-28 11:54:19'),
(368, 'frontend/account/login', 1, 1, 'LoginInfoNew', 'Kein Problem, eine Shopbestellung ist einfach und sicher. Die Anmeldung dauert nur wenige Augenblicke.', '2010-01-01 00:00:00', '2010-09-28 11:54:19'),
(369, 'frontend/account/login', 1, 1, 'LoginLinkRegister', 'Neuer Kunde', '2010-01-01 00:00:00', '2010-09-28 11:54:19'),
(370, 'frontend/account/login', 1, 1, 'LoginHeaderExistingCustomer', 'Sie besitzen bereits ein Kundenkonto', '2010-01-01 00:00:00', '2010-09-28 11:54:19'),
(371, 'frontend/account/login', 1, 1, 'LoginHeaderFields', 'Einloggen mit Ihrer eMail-Adresse und Ihrem Passwort', '2010-01-01 00:00:00', '2010-09-28 11:54:19'),
(372, 'frontend/account/login', 1, 1, 'LoginLabelMail', 'Ihre eMail-Adresse:', '2010-01-01 00:00:00', '2010-09-28 11:54:19'),
(373, 'frontend/account/login', 1, 1, 'LoginLabelPassword', 'Ihr Passwort:', '2010-01-01 00:00:00', '2010-09-28 11:54:19'),
(374, 'frontend/account/login', 1, 1, 'LoginLinkLogon', 'Anmelden', '2010-01-01 00:00:00', '2010-09-28 11:54:19'),
(375, 'frontend/account/login', 1, 1, 'LoginLinkLostPassword', 'Passwort vergessen?', '2010-01-01 00:00:00', '2010-09-28 11:54:19'),
(376, 'frontend/index/checkout_actions', 1, 1, 'IndexLinkAccount', 'Mein Konto', '2010-01-01 00:00:00', '2010-09-28 11:54:19'),
(377, 'frontend/checkout/cart', 1, 1, 'CartInfoEmpty', 'Sie haben keine Artikel im Warenkorb', '2010-01-01 00:00:00', '2010-09-28 11:54:19'),
(378, 'frontend/account/index', 1, 1, 'AccountLinkChangeBilling', 'Rechnungsadresse ändern', '2010-01-01 00:00:00', '2010-09-28 11:54:19'),
(379, 'frontend/account/index', 1, 1, 'AccountLinkChangeShipping', 'Lieferadresse ändern', '2010-01-01 00:00:00', '2010-09-28 11:54:19'),
(380, 'frontend/account/order_item', 1, 1, 'OrderItemColumnName', 'Artikel', '2010-01-01 00:00:00', '2010-09-28 11:54:19'),
(381, 'frontend/account/orders', 1, 1, 'OrderColumnDate', 'Datum', '2010-01-01 00:00:00', '2010-09-28 11:54:19'),
(382, 'frontend/account/downloads', 1, 1, 'DownloadsColumnLink', 'Download', '2010-01-01 00:00:00', '2010-09-28 11:54:19'),
(383, 'frontend/account/content_right', 1, 1, 'sTicketSysSupportManagement', 'Supportverwaltung', '2010-01-01 00:00:00', '2010-09-28 11:54:19'),
(384, 'frontend/account/downloads', 1, 1, 'DownloadsSerialnumber', 'Ihre Seriennummer:', '2010-01-01 00:00:00', '2010-09-28 11:54:19'),
(385, 'frontend/account/downloads', 1, 1, 'DownloadsLink', 'Downloaden', '2010-01-01 00:00:00', '2010-09-28 11:54:19'),
(386, 'frontend/account/downloads', 1, 1, 'DownloadsInfoAccessDenied', 'Dieser Download stehen Ihnen nicht zur Verfügung!', '2010-01-01 00:00:00', '2010-09-28 11:54:19'),
(387, 'frontend/account/downloads', 1, 1, 'DownloadsInfoNotFound', 'Keine Downloads verfügbar', '2010-01-01 00:00:00', '2010-09-28 11:54:19'),
(388, 'frontend/account/downloads', 1, 1, 'DownloadsInfoEmpty', 'Sie haben noch keine Sofortdownloadartikel gekauft', '2010-01-01 00:00:00', '2010-09-28 11:54:19'),
(389, 'frontend/account/index', 1, 1, 'AccountHeaderPayment', 'Gewählte Zahlungsart', '2010-01-01 00:00:00', '2010-09-28 11:54:19'),
(390, 'frontend/account/index', 1, 1, 'AccountInfoInstantDownloads', 'Kauf von Direktdownloads nur per Lastschrift oder Kreditkarte möglich', '2010-01-01 00:00:00', '2010-09-28 11:54:19'),
(391, 'frontend/account/index', 1, 1, 'AccountSalutationMr', 'Herr', '2010-01-01 00:00:00', '2010-09-28 11:54:19'),
(392, 'frontend/account/shipping', 1, 1, 'ShippingLinkBack', 'Zurück', '2010-01-01 00:00:00', '2010-09-28 11:54:19'),
(393, 'frontend/account/select_shipping', 1, 1, 'SelectShippingHeader', 'Auswählen', '2010-01-01 00:00:00', '2010-09-28 11:54:19'),
(394, 'frontend/account/select_address', 1, 1, 'SelectAddressSubmit', 'Auswählen', '2010-01-01 00:00:00', '2010-09-28 11:54:19'),
(395, 'frontend/account/select_address', 1, 1, 'SelectAddressSalutationMs', 'Frau', '2010-01-01 00:00:00', '2010-09-28 11:54:19'),
(396, 'frontend/account/select_shipping', 1, 1, 'SelectShippingLinkBack', 'Zurück', '2010-01-01 00:00:00', '2010-09-28 11:54:19'),
(397, 'frontend/account/payment', 1, 1, 'PaymentLinkBack', 'Zurück', '2010-01-01 00:00:00', '2010-09-28 11:54:19'),
(398, 'frontend/account/index', 1, 1, 'AccountSalutationMs', 'Frau', '2010-01-01 00:00:00', '2010-09-28 11:54:19'),
(399, 'frontend/checkout/cart_header', 1, 1, 'CartColumnQuantity', 'Anzahl', '2010-01-01 00:00:00', '2010-09-28 11:54:19'),
(400, 'frontend/checkout/cart_header', 1, 1, 'CartColumnTotal', 'Summe', '2010-01-01 00:00:00', '2010-09-28 11:54:19'),
(401, 'frontend/plugins/trusted_shops/logo', 1, 1, 'WidgetsTrustedLogo', 'Trusted Shops Gütesiegel - Bitte hier Gültigkeit prüfen!', '2010-01-01 00:00:00', '2010-09-28 11:54:19'),
(402, 'frontend/plugins/trusted_shops/logo', 1, 1, 'WidgetsTrustedLogoText', '{$this->config(''sShopname'')} ist ein von Trusted Shops geprüfter Onlinehändler mit Gütesiegel und Käuferschutz.', '2010-01-01 00:00:00', '2010-10-17 19:02:20'),
(403, 'frontend/checkout/finish', 1, 1, 'FinishHeaderThankYou', 'Vielen Dank für Ihre Bestellung bei ', '2010-01-01 00:00:00', '2010-09-28 11:54:19'),
(404, 'frontend/checkout/finish', 1, 1, 'FinishInfoConfirmationMail', 'Wir haben Ihnen eine Bestellbestätigung per eMail geschickt.', '2010-01-01 00:00:00', '2010-09-28 11:54:19'),
(405, 'frontend/checkout/finish', 1, 1, 'FinishInfoPrintOrder', 'Wir empfehlen die unten aufgeführte Bestellbestätigung auszudrucken.', '2010-01-01 00:00:00', '2010-09-28 11:54:19'),
(406, 'frontend/checkout/finish', 1, 1, 'FinishLinkPrint', 'Bestellbestätigung jetzt ausdrucken!', '2010-01-01 00:00:00', '2010-09-28 11:54:19'),
(407, 'frontend/checkout/finish', 1, 1, 'FinishHeaderItems', 'Informationen zu Ihrer Bestellung:', '2010-01-01 00:00:00', '2010-09-28 11:54:19'),
(408, 'frontend/checkout/finish', 1, 1, 'FinishInfoId', 'Bestellnummer:', '2010-01-01 00:00:00', '2010-09-28 11:54:19'),
(409, 'frontend/search/paging', 1, 1, 'ListingSortName', 'Bezeichnung', '2010-01-01 00:00:00', '2010-09-28 11:54:19'),
(410, 'frontend/account/order_item', 1, 1, 'OrderInfoNoDispatch', 'Nicht angegeben', '2010-01-01 00:00:00', '2010-09-28 11:54:19'),
(411, 'frontend/account/order_item', 1, 1, 'OrderItemInfoInProgress', 'Bestellung ist in Bearbeitung', '2010-01-01 00:00:00', '2010-09-28 11:54:19'),
(412, 'frontend/account/order_item', 1, 1, 'OrderItemInfoShipped', 'Bestellung wurde verschickt', '2010-01-01 00:00:00', '2010-09-28 11:54:19'),
(413, 'frontend/account/order_item', 1, 1, 'OrderItemInfoPartiallyShipped', 'Bestellung wurde teilweise verschickt', '2010-01-01 00:00:00', '2010-09-28 11:54:19'),
(414, 'frontend/account/order_item', 1, 1, 'OrderItemInfoCanceled', 'Bestellung wurde storniert', '2010-01-01 00:00:00', '2010-09-28 11:54:19'),
(415, 'frontend/account/order_item', 1, 1, 'OrderItemInfoBundle', 'BUNDLE RABATT', '2010-01-01 00:00:00', '2010-09-28 11:54:19'),
(416, 'frontend/account/order_item', 1, 1, 'OrderItemInfoInstantDownload', 'Jetzt downloaden', '2010-01-01 00:00:00', '2010-09-28 11:54:19'),
(417, 'frontend/account/order_item', 1, 1, 'OrderItemInfoFree', 'GRATIS', '2010-01-01 00:00:00', '2010-09-28 11:54:19'),
(418, 'frontend/account/order_item', 1, 1, 'OrderItemColumnTracking', 'Paket-Tracking:', '2010-01-01 00:00:00', '2010-09-28 11:54:19'),
(419, 'frontend/account/order_item', 1, 1, 'OrderItemNetTotal', 'Gesamtsumme Netto:', '2010-01-01 00:00:00', '2010-09-28 11:54:19'),
(420, 'frontend/account/orders', 1, 1, 'OrdersInfoEmpty', 'Sie haben noch keine Bestellung durchgeführt.', '2010-01-01 00:00:00', '2010-09-28 11:54:19'),
(421, 'frontend/account/ajax_logout', 1, 1, 'AccountLogoutHeader', 'Logout erfolgreich!', '2010-01-01 00:00:00', '2010-09-28 11:54:19'),
(422, 'frontend/account/ajax_logout', 1, 1, 'AccountLogoutText', 'Sie wurden erfolgreich ausgeloggt', '2010-01-01 00:00:00', '2010-09-28 11:54:19'),
(423, 'frontend/account/password', 1, 1, 'PasswordInfoSuccess', 'Ihr neues Passwort wurde Ihnen zugeschickt', '2010-01-01 00:00:00', '2010-09-28 11:54:19'),
(424, 'frontend/custom/right.tpl', 1, 1, 'CustomTextContact', '<strong>Demoshop<br />\r\n</strong><br />\r\nFügen Sie hier Ihre Kontaktdaten ein', '2010-01-01 00:00:00', '2010-09-28 11:54:19'),
(425, 'frontend/checkout/cart_item', 1, 1, 'CartItemInfoFree', 'GRATIS!', '2010-01-01 00:00:00', '2010-09-28 11:54:19'),
(426, 'frontend/checkout/cart_item', 1, 1, 'CartItemInfoPremium', 'Als kleines Dankeschön, bekommen Sie diesen Artikel Gratis dazu', '2010-01-01 00:00:00', '2010-09-28 11:54:19'),
(427, 'frontend/checkout/cart_item', 1, 1, 'CartItemInfoBundle', 'BUNDLE RABATT', '2010-01-01 00:00:00', '2010-09-28 11:54:19'),
(428, 'frontend/account/select_billing', 1, 1, 'SelectBillingLinkBack', 'Zurück', '2010-01-01 00:00:00', '2010-09-28 11:54:19'),
(429, 'frontend/account/select_billing', 1, 1, 'SelectBillingHeader', 'Auswählen', '2010-01-01 00:00:00', '2010-09-28 11:54:19'),
(430, 'frontend/account/select_billing', 1, 1, 'SelectBillingInfoEmpty', 'Nachdem Sie die erste Bestellung durchgeführt haben, können Sie hier auf vorherige Rechnnungsadressen zugreifen.', '2010-01-01 00:00:00', '2010-09-28 11:54:19'),
(431, 'frontend/account/select_shipping', 1, 1, 'SelectShippingInfoEmpty', 'Nachdem Sie die erste Bestellung durchgeführt haben, können Sie hier auf vorherige Lieferadressen zugreifen.', '2010-01-01 00:00:00', '2010-09-28 11:54:19'),
(432, 'frontend/blog/atom', 1, 1, 'BlogAtomFeedHeader', 'Blog / Atom Feed', '2010-01-01 00:00:00', '2010-09-28 11:54:19'),
(433, 'frontend/blog/comments', 1, 1, 'BlogInfoFailureFields', 'Bitte füllen Sie alle rot markierten Felder aus', '2010-01-01 00:00:00', '2010-09-28 11:54:19'),
(434, 'frontend/blog/comments', 1, 1, 'BlogInfoSuccessOptin', 'Vielen Dank für die Abgabe Ihrer Bewertung! \r\n	Sie erhalten in wenigen Minuten eine Bestätigungsmail.\r\n	Bestätigen Sie den Link in dieser eMail um die Bewertung freizugeben.', '2010-01-01 00:00:00', '2010-09-28 11:54:19'),
(435, 'frontend/blog/comments', 1, 1, 'BlogInfoSuccess', 'Vielen Dank für die Abgabe Ihrer Bewertung! Ihre Bewertung wird nach Überprüfung freigeschaltet.', '2010-01-01 00:00:00', '2010-09-28 11:54:19'),
(436, 'frontend/blog/detail', 1, 1, 'BlogHeaderDownloads', 'Verfügbare Downloads:', '2010-01-01 00:00:00', '2010-09-28 11:54:19'),
(437, 'frontend/blog/detail', 1, 1, 'BlogLinkDownload', 'Download', '2010-01-01 00:00:00', '2010-09-28 11:54:19'),
(438, 'frontend/blog/detail', 1, 1, 'BlogInfoComment', 'Unser Kommentar zu', '2010-01-01 00:00:00', '2010-09-28 11:54:19'),
(439, 'frontend/blog/detail', 1, 1, 'BlogInfoTags', 'Tags', '2010-01-01 00:00:00', '2010-09-28 11:54:19'),
(440, 'frontend/blog/filter', 1, 1, 'BlogHeaderFilterCategories', 'Kategorien', '2010-01-01 00:00:00', '2010-09-28 11:54:19'),
(441, 'frontend/blog/filter', 1, 1, 'BlogHeaderFilterDate', 'Datum', '2010-01-01 00:00:00', '2010-09-28 11:54:19'),
(442, 'frontend/blog/filter', 1, 1, 'BlogHeaderFilterAuthor', 'Autoren', '2010-01-01 00:00:00', '2010-09-28 11:54:19'),
(443, 'frontend/blog/rss', 1, 1, 'BlogRssFeedHeader', 'Blog / RSS Feed', '2010-01-01 00:00:00', '2010-09-28 11:54:19'),
(444, 'frontend/checkout/added', 1, 1, 'AddArticleLinkBack', 'Weiter shoppen', '2010-01-01 00:00:00', '2010-09-28 11:54:19'),
(445, 'frontend/checkout/ajax_cart', 1, 1, 'AjaxCartInfoBundle', 'BUNDLE RABATT', '2010-01-01 00:00:00', '2010-09-28 11:54:19'),
(446, 'frontend/checkout/ajax_cart', 1, 1, 'AjaxCartInfoFree', 'GRATIS!', '2010-01-01 00:00:00', '2010-09-28 11:54:19'),
(447, 'frontend/checkout/cart', 1, 1, 'CartInfoMinimumSurcharge', 'Achtung. Sie haben den Mindestbestellwert von {$sMinimumSurcharge|currency} noch nicht erreicht! ', '2010-01-01 00:00:00', '2010-09-28 11:54:19'),
(448, 'frontend/checkout/cart', 1, 1, 'CartInfoNoDispatch', 'Achtung: Für Ihr Warenkorb/Adresse wurde keine Versandart hinterlegt.<br /> Bitte kontaktieren Sie den Shopbetreiber.<br />', '2010-01-01 00:00:00', '2010-09-28 11:54:19'),
(449, 'frontend/checkout/confirm', 1, 1, 'ConfirmHeaderNewsletter', 'Möchten Sie mehr Informationen?', '2010-01-01 00:00:00', '2010-09-28 11:54:19'),
(450, 'frontend/checkout/confirm', 1, 1, 'ConfirmLabelNewsletter', 'Ja, ich möchte den kostenlosen {$sShopname} Newsletter erhalten! Sie können sich jederzeit wieder abmelden!', '2010-01-01 00:00:00', '2010-10-15 13:24:52'),
(451, 'frontend/checkout/confirm_left', 1, 1, 'ConfirmSalutationMs', 'Frau', '2010-01-01 00:00:00', '2010-09-28 11:54:19'),
(452, 'frontend/checkout/finish', 1, 1, 'FinishInfoTransaction', 'Transaktionsnummer:', '2010-01-01 00:00:00', '2010-09-28 11:54:19'),
(453, 'frontend/checkout/premiums', 1, 1, 'PremiumInfoNoPicture', 'Kein Bild vorhanden', '2010-01-01 00:00:00', '2010-09-28 11:54:19'),
(454, 'frontend/checkout/premiums', 1, 1, 'PremiumsInfoDifference', 'noch', '2010-01-01 00:00:00', '2010-09-28 11:54:19'),
(455, 'frontend/checkout/premiums', 1, 1, 'PremiumsInfoAtAmount', 'ab', '2010-01-01 00:00:00', '2010-09-28 11:54:19'),
(456, 'frontend/content/detail', 1, 1, 'ContentInfoPicture', 'Auf dem Bild zu sehen:', '2010-01-01 00:00:00', '2010-09-28 11:54:19'),
(457, 'frontend/content/detail', 1, 1, 'ContentHeaderInformation', 'Weitere Informationen:', '2010-01-01 00:00:00', '2010-09-28 11:54:19'),
(458, 'frontend/content/detail', 1, 1, 'ContentHeaderDownloads', 'Dateianhang:', '2010-01-01 00:00:00', '2010-09-28 11:54:19'),
(459, 'frontend/content/detail', 1, 1, 'ContentLinkDownload', 'Herunterladen', '2010-01-01 00:00:00', '2010-09-28 11:54:19'),
(460, 'frontend/content/detail', 1, 1, 'ContentInfoNotFound', 'Inhalt konnte nicht gefunden werden', '2010-01-01 00:00:00', '2010-09-28 11:54:19'),
(461, 'frontend/content/detail', 1, 1, 'ContentLinkBack', 'Zurück', '2010-01-01 00:00:00', '2010-09-28 11:54:19'),
(462, 'frontend/content/index', 1, 1, 'ContentLinkDetails', '[mehr]', '2010-01-01 00:00:00', '2010-09-28 11:54:19'),
(463, 'frontend/content/index', 1, 1, 'ContentInfoEmpty', 'Derzeit keine Einträge vorhanden', '2010-01-01 00:00:00', '2010-09-28 11:54:19'),
(464, 'frontend/detail/article_config_step', 1, 1, 'DetailConfigValueSelect', 'Bitte wählen...', '2010-01-01 00:00:00', '2010-09-28 11:54:19'),
(465, 'frontend/detail/article_config_step', 1, 1, 'DetailConfigActionSubmit', 'Jetzt aktualisieren', '2010-01-01 00:00:00', '2010-09-28 11:54:19'),
(466, 'frontend/detail/bundle/box_related', 1, 1, 'BundleHeader', 'Kaufen Sie diesen Artikel zusammen mit folgenden Artikeln', '2010-01-01 00:00:00', '2010-09-28 11:54:19'),
(467, 'frontend/detail/bundle/box_related', 1, 1, 'BundleActionAdd', 'In den Warenkorb', '2010-01-01 00:00:00', '2010-09-28 11:54:19'),
(468, 'frontend/detail/bundle/box_related', 1, 1, 'BundleInfoPriceForAll', 'Preis für alle', '2010-01-01 00:00:00', '2010-09-28 11:54:19'),
(469, 'frontend/compare/added', 1, 1, 'CompareActionClose', 'Schließen', '2010-01-01 00:00:00', '2010-09-28 11:54:19'),
(470, 'frontend/detail/buy', 1, 1, 'DetailBuyInfoNotAvailable', 'Dieser Artikel steht derzeit nicht zur Verfügung!', '2010-01-01 00:00:00', '2010-09-28 11:54:19'),
(471, 'frontend/detail/buy', 1, 1, 'DetailBuyLabelSurcharge', 'Aufpreis', '2010-01-01 00:00:00', '2010-09-28 11:54:19'),
(472, 'frontend/detail/comment', 1, 1, 'DetailCommentInfoSuccessOptin', 'Vielen Dank für die Abgabe Ihrer Bewertung! \r\n	Sie erhalten in wenigen Minuten eine Bestätigungsmail.\r\n	Bestätigen Sie den Link in dieser eMail um die Bewertung freizugeben.', '2010-01-01 00:00:00', '2010-09-28 11:54:19'),
(473, 'frontend/detail/comment', 1, 1, 'DetailCommentLabelMail', 'Ihre eMail-Adresse', '2010-01-01 00:00:00', '2010-09-28 11:54:19'),
(474, 'frontend/compare/added', 1, 1, 'CompareInfoMaxReached', 'Es können maximal 5 Artikel in einem Schritt verglichen werden', '2010-01-01 00:00:00', '2010-09-28 11:54:19'),
(475, 'frontend/newsletter/index', 1, 1, 'NewsletterLabelSelect', 'Bitte wählen', '2010-01-01 00:00:00', '2010-09-28 11:54:19'),
(476, 'frontend/detail/data', 1, 1, 'DetailDataPriceInfo', 'Preise {if $this->config(''sARTICLESOUTPUTNETTO'') == true}zzgl.{else}inkl.{/if} gesetzlicher MwSt. <a title="Versandkosten" href="{url controller=custom sCustom=6}" style="text-decoration:underline">zzgl. Versandkosten</a>', '2010-01-01 00:00:00', '2010-10-16 08:52:39'),
(477, 'frontend/detail/data', 1, 1, 'DetailDataHeaderBlockprices', 'Staffelpreise', '2010-01-01 00:00:00', '2010-09-28 11:54:19'),
(478, 'frontend/detail/data', 1, 1, 'DetailDataColumnQuantity', 'Menge', '2010-01-01 00:00:00', '2010-09-28 11:54:19'),
(479, 'frontend/detail/data', 1, 1, 'DetailDataColumnPrice', 'Stückpreis', '2010-01-01 00:00:00', '2010-09-28 11:54:19'),
(480, 'frontend/detail/data', 1, 1, 'DetailDataInfoUntil', 'bis', '2010-01-01 00:00:00', '2010-09-28 11:54:19'),
(481, 'frontend/detail/data', 1, 1, 'DetailDataInfoFrom', 'ab', '2010-01-01 00:00:00', '2010-09-28 11:54:19'),
(482, 'frontend/detail/description', 1, 1, 'DetailDescriptionLinkInformation', 'Weitere Artikel von {$information.description}', '2010-01-01 00:00:00', '2010-09-28 11:54:19'),
(483, 'frontend/detail/description', 1, 1, 'DetailDescriptionComment', 'Unser Kommentar zu', '2010-01-01 00:00:00', '2010-09-28 11:54:19'),
(484, 'frontend/detail/liveshopping/category_countdown', 1, 1, 'LiveCountdownStartPrice', 'Startpreis', '2010-01-01 00:00:00', '2010-09-28 11:54:19'),
(485, 'frontend/detail/liveshopping/category_countdown', 1, 1, 'LiveCountdownCurrentPrice', 'Aktueller Preis', '2010-01-01 00:00:00', '2010-09-28 11:54:19'),
(486, 'frontend/detail/liveshopping/category_countdown', 1, 1, 'LiveCountdownRemaining', 'Noch', '2010-01-01 00:00:00', '2010-09-28 11:54:19'),
(487, 'frontend/detail/liveshopping/category_countdown', 1, 1, 'LiveCountdownRemainingPieces', 'Stück', '2010-01-01 00:00:00', '2010-09-28 11:54:19'),
(488, 'frontend/detail/liveshopping/category_countdown', 1, 1, 'LiveCountdownPriceFails', 'Preis fällt um', '2010-01-01 00:00:00', '2010-09-28 11:54:19'),
(489, 'frontend/detail/liveshopping/category_countdown', 1, 1, 'LiveCountdownMinutes', 'Minuten', '2010-01-01 00:00:00', '2010-09-28 11:54:19'),
(490, 'frontend/detail/liveshopping/category_countdown', 1, 1, 'LiveCountdownPriceRising', 'Preis steigt um', '2010-01-01 00:00:00', '2010-09-28 11:54:19'),
(491, 'frontend/detail/liveshopping/detail_countdown', 1, 1, 'LiveCountdownStartPrice', 'Startpreis', '2010-01-01 00:00:00', '2010-09-28 11:54:19'),
(492, 'frontend/detail/liveshopping/detail_countdown', 1, 1, 'LiveCountdownCurrentPrice', 'Aktueller Preis', '2010-01-01 00:00:00', '2010-09-28 11:54:19'),
(493, 'frontend/detail/liveshopping/detail_countdown', 1, 1, 'LiveCountdownRemaining', 'Noch', '2010-01-01 00:00:00', '2010-09-28 11:54:19'),
(494, 'frontend/detail/liveshopping/detail_countdown', 1, 1, 'LiveCountdownRemainingPieces', 'Stück', '2010-01-01 00:00:00', '2010-09-28 11:54:19'),
(495, 'frontend/detail/liveshopping/detail_countdown', 1, 1, 'LiveCountdownPriceFails', 'Preis fällt um', '2010-01-01 00:00:00', '2010-09-28 11:54:19'),
(496, 'frontend/detail/liveshopping/detail_countdown', 1, 1, 'LiveCountdownMinutes', 'Minuten', '2010-01-01 00:00:00', '2010-09-28 11:54:19'),
(497, 'frontend/detail/liveshopping/detail_countdown', 1, 1, 'LiveCountdownPriceRising', 'Preis steigt um', '2010-01-01 00:00:00', '2010-09-28 11:54:19'),
(498, 'frontend/account/payment', 1, 1, 'PaymentLinkSend', 'Ändern', '2010-01-01 00:00:00', '2010-09-28 11:54:19'),
(499, 'frontend/account/orders', 1, 1, 'MyOrdersTitle', 'Bestellungen', '2010-01-01 00:00:00', '2010-09-28 11:54:19'),
(500, 'frontend/account/orders', 1, 1, 'AccountTitle', 'Kundenkonto', '2010-01-01 00:00:00', '2010-09-28 11:54:19'),
(501, 'frontend/detail/liveshopping/ticker/countdown', 1, 1, 'LiveTickerStartPrice', 'Startpreis', '2010-01-01 00:00:00', '2010-09-28 11:54:19'),
(502, 'frontend/detail/liveshopping/ticker/timeline', 1, 1, 'LiveTimeRemaining', 'Noch', '2010-01-01 00:00:00', '2010-09-28 11:54:19'),
(503, 'frontend/detail/liveshopping/ticker/timeline', 1, 1, 'LiveTimeRemainingPieces', 'Stück', '2010-01-01 00:00:00', '2010-09-28 11:54:19'),
(504, 'frontend/account/success_messages', 1, 1, 'AccountShippingSuccess', 'Ihre Lieferadresse wurde erfolgreich gespeichert', '2010-01-01 00:00:00', '2010-09-28 11:54:19'),
(505, 'frontend/plugins/notification/index', 1, 1, 'DetailNotifyInfoErrorMail', 'Bitte geben Sie eine gültige eMail-Adresse ein', '2010-01-01 00:00:00', '2010-09-28 11:54:19'),
(506, 'frontend/plugins/notification/index', 1, 1, 'DetailNotifyHeader', 'Benachrichtigen Sie mich, wenn der Artikel lieferbar ist.', '2010-01-01 00:00:00', '2010-09-28 11:54:19'),
(507, 'frontend/plugins/notification/index', 1, 1, 'DetailNotifyLabelMail', 'Ihre E-Mail Adresse', '2010-01-01 00:00:00', '2010-09-28 11:54:19'),
(508, 'frontend/plugins/notification/index', 1, 1, 'DetailNotifyActionSubmit', 'Eintragen', '2010-01-01 00:00:00', '2010-09-28 11:54:19'),
(509, 'frontend/plugins/notification/index', 1, 1, 'DetailNotifyInfoSuccess', 'Bestätigen Sie den Link der eMail die Sie gerade erhalten haben. Sie erhalten dann eine eMail sobald der Artikel wieder verfügbar ist', '2010-01-01 00:00:00', '2010-09-28 11:54:19'),
(510, 'frontend/forms/index', 1, 1, 'FormsLinkBack', 'Zurück', '2010-01-01 00:00:00', '2010-09-28 11:54:19'),
(511, 'frontend/forms/elements', 1, 1, 'SupportInfoFillRedFields', 'Bitte füllen Sie alle rot markierten Felder aus.', '2010-01-01 00:00:00', '2010-09-28 11:54:19'),
(512, 'frontend/tellafriend/index', 1, 1, 'TellAFriendHeaderSuccess', 'Vielen Dank. Die Weiterempfehlung wurde erfolgreich verschickt.', '2010-01-01 00:00:00', '2010-09-28 11:54:19'),
(513, 'frontend/tellafriend/index', 1, 1, 'TellAFriendInfoFields', 'Bitte füllen Sie alle benötigten Felder aus', '2010-01-01 00:00:00', '2010-09-28 11:54:19'),
(514, 'frontend/index/footer', 1, 1, 'FooterInfoExcludeVat', '* Alle Preise verstehen sich zzgl. Mehrwertsteuer und <span style="text-decoration: underline;"><a title="Versandkosten" href="{url controller=custom sCustom=6}">Versandkosten</a></span> und ggf. Nachnahmegebühren, wenn nicht anders beschrieben', '2010-01-01 00:00:00', '2010-10-14 14:45:36'),
(515, 'frontend/index/categories_top', 1, 1, 'IndexLinkHome', 'Home', '2010-01-01 00:00:00', '2010-09-28 11:54:19'),
(516, 'frontend/listing/filter_properties', 1, 1, 'FilterHeadline', 'Filter', '2010-01-01 00:00:00', '2010-09-28 11:54:19'),
(517, 'frontend/listing/filter_properties', 1, 1, 'FilterHeadlineCategory', 'Filtern nach', '2010-01-01 00:00:00', '2010-09-28 11:54:19'),
(518, 'frontend/listing/filter_properties', 1, 1, 'FilterLinkDefault', 'Alle anzeigen', '2010-01-01 00:00:00', '2010-09-28 11:54:19'),
(519, 'frontend/listing/box_article', 1, 1, 'ListingBoxNew', 'NEU', '2010-01-01 00:00:00', '2010-09-28 11:54:19'),
(520, 'frontend/listing/box_similar', 1, 1, 'SimilarBoxLinkDetails', 'Zum Produkt', '2010-01-01 00:00:00', '2010-10-16 16:47:29'),
(521, 'frontend/newsletter/detail', 1, 1, 'NewsletterDetailInfoEmpty', 'Eintrag nicht gefunden', '2010-01-01 00:00:00', '2010-09-28 11:54:19'),
(522, 'frontend/compare/overlay', 1, 1, 'LoginActionClose', 'Schließen', '2010-01-01 00:00:00', '2010-09-28 11:54:19'),
(523, 'frontend/compare/overlay', 1, 1, 'CompareHeader', 'Produktvergleich', '2010-01-01 00:00:00', '2010-09-28 11:54:19'),
(524, 'frontend/newsletter/listing', 1, 1, 'NewsletterListingInfoEmpty', 'Derzeit keine Einträge vorhanden', '2010-01-01 00:00:00', '2010-09-28 11:54:19'),
(525, 'frontend/listing/box_similar', 1, 1, 'SimilarBoxMore', 'Zum Produkt', '2010-01-01 00:00:00', '2010-10-16 16:47:33'),
(526, 'frontend/plugins/index/delivery_informations', 1, 1, 'DetailDataShippingDays', 'Werktage', '2010-01-01 00:00:00', '2010-09-28 11:54:19'),
(527, 'frontend/register/index', 1, 1, 'RegisterHeadlineSupplier', 'Händler-Anmeldung', '2010-01-01 00:00:00', '2010-09-28 11:54:19'),
(528, 'frontend/register/index', 1, 1, 'RegisterInfoSupplier', 'Sie besitzen bereits einen Händleraccount?', '2010-01-01 00:00:00', '2010-09-28 11:54:19'),
(529, 'frontend/register/index', 1, 1, 'RegisterInfoSupplier2', 'Klicken Sie hier, um sich einzuloggen', '2010-01-01 00:00:00', '2010-09-28 11:54:19'),
(530, 'frontend/register/index', 1, 1, 'RegisterInfoSupplier3', 'Nach der Anmeldung sehen Sie bis zur Freischaltung Endkunden-Preise', '2010-01-01 00:00:00', '2010-09-28 11:54:19'),
(531, 'frontend/register/index', 1, 1, 'RegisterInfoSupplier4', 'Senden Sie uns Ihren Gewerbenachweis per Fax!', '2010-01-01 00:00:00', '2010-09-28 11:54:19'),
(532, 'frontend/register/index', 1, 1, 'RegisterInfoSupplier5', 'Senden Sie Ihren Gewerbenachweis per Fax an +49 2555 92 95 61. Wenn Sie bereits Händler bei uns sind,<br />können Sie diesen Schritt überspringen und müssen natürlich keinen Gewerbenachweis senden.', '2010-01-01 00:00:00', '2010-09-28 11:54:19'),
(533, 'frontend/register/index', 1, 1, 'RegisterInfoSupplier6', 'Wir prüfen Ihre Angaben und schalten Sie frei!', '2010-01-01 00:00:00', '2010-09-28 11:54:19'),
(534, 'frontend/register/index', 1, 1, 'RegisterInfoSupplier7', 'Wir schalten Sie nach Prüfung als Händler frei. Sie erhalten dann von uns eine Info per E-Mail.<br />Von nun an sehen Sie direkt Ihren Händler-EK, auf den Produkt und Übersichtsseiten.', '2010-01-01 00:00:00', '2010-09-28 11:54:19'),
(535, 'frontend/search/filter_category', 1, 1, 'SearchFilterLinkDefault', 'Alle Kategorien anzeigen', '2010-01-01 00:00:00', '2010-09-28 11:54:19'),
(536, 'frontend/register/steps', 1, 1, 'CheckoutStepConfirmText', 'Bestellung abschließen', '2010-01-01 00:00:00', '2010-09-28 11:54:19'),
(537, 'frontend/search/fuzzy', 1, 1, 'SearchFuzzyInfoShortTerm', 'Der eingegebene Suchbegriff ist leider zu kurz.', '2010-01-01 00:00:00', '2010-09-28 11:54:19'),
(538, 'frontend/search/fuzzy_left', 1, 1, 'SearchLeftLinkDefault', 'Alle anzeigen', '2010-01-01 00:00:00', '2010-09-28 11:54:19'),
(539, 'frontend/search/fuzzy_left', 1, 1, 'SearchLeftInfoSuppliers', 'Weitere Hersteller:', '2010-01-01 00:00:00', '2010-09-28 11:54:19'),
(540, 'frontend/search/fuzzy_left', 1, 1, 'SearchLeftHeadlineFilter', 'nach Filtern', '2010-01-01 00:00:00', '2010-09-28 11:54:19'),
(541, 'frontend/search/fuzzy_left', 1, 1, 'SearchLeftLinkAllFilters', 'Alle Filter', '2010-01-01 00:00:00', '2010-09-28 11:54:19'),
(542, 'frontend/search/fuzzy_left', 1, 1, 'SearchLeftLinkAllSuppliers', 'Alle Hersteller', '2010-01-01 00:00:00', '2010-09-28 11:54:19'),
(543, 'frontend/search/fuzzy_left', 1, 1, 'SearchLeftLinkAllPrices', 'Alle Preise', '2010-01-01 00:00:00', '2010-09-28 11:54:19'),
(544, 'frontend/search/index', 1, 1, 'SearchHeadline', 'Zu "{$sSearchTerm|escape}" wurden {$sSearchResultsNum} Artikel gefunden', '2010-01-01 00:00:00', '2010-09-28 11:54:19'),
(545, 'frontend/search/supplier', 1, 1, 'SearchTo', 'Zu', '2010-01-01 00:00:00', '2010-09-28 11:54:19'),
(546, 'frontend/search/supplier', 1, 1, 'SearchWere', 'wurden', '2010-01-01 00:00:00', '2010-09-28 11:54:19'),
(547, 'frontend/search/supplier', 1, 1, 'SearchArticlesFound', 'Artikel gefunden!', '2010-01-01 00:00:00', '2010-09-28 11:54:19'),
(548, 'frontend/sitemap/index', 1, 1, 'SitemapHeader', 'Sitemap - Alle Kategorien auf einen Blick', '2010-01-01 00:00:00', '2010-09-28 11:54:19'),
(549, 'frontend/ticket/navigation', 1, 1, 'TicketHeader', 'Supportverwaltung', '2010-01-01 00:00:00', '2010-09-28 11:54:19'),
(550, 'frontend/ticket/navigation', 1, 1, 'TicketLinkBack', 'Zurück', '2010-01-01 00:00:00', '2010-09-28 11:54:19'),
(551, 'frontend/ticket/navigation', 1, 1, 'TicketLinkSupport', 'Support beantragen', '2010-01-01 00:00:00', '2010-09-28 11:54:19'),
(552, 'frontend/ticket/navigation', 1, 1, 'TicketLinkIndex', 'Supportübersicht', '2010-01-01 00:00:00', '2010-09-28 11:54:19'),
(553, 'frontend/ticket/navigation', 1, 1, 'TicketLinkLogout', 'Abmelden Logout', '2010-01-01 00:00:00', '2010-09-28 11:54:19'),
(554, 'frontend/ticket/detail', 1, 1, 'TicketDetailInfoEmpty', 'Es existiert kein Ticket mit dieser ID.', '2010-01-01 00:00:00', '2010-09-28 11:54:19'),
(555, 'frontend/ticket/detail', 1, 1, 'TicketDetailInfoTicket', 'Details zu dem Ticket', '2010-01-01 00:00:00', '2010-09-28 11:54:19'),
(556, 'frontend/ticket/detail', 1, 1, 'TicketDetailInfoStatusClose', 'Dieses Ticket wurde geschlossen.', '2010-01-01 00:00:00', '2010-09-28 11:54:19'),
(557, 'frontend/ticket/detail', 1, 1, 'TicketDetailInfoStatusProgress', 'Dieses Ticket wird zur Zeit noch bearbeitet.', '2010-01-01 00:00:00', '2010-09-28 11:54:19'),
(558, 'frontend/ticket/detail', 1, 1, 'TicketDetailInfoAnswer', 'Ihre Antwort', '2010-01-01 00:00:00', '2010-09-28 11:54:19'),
(559, 'frontend/ticket/detail', 1, 1, 'TicketDetailInfoQuestion', 'Ihre Ticketanfrage:', '2010-01-01 00:00:00', '2010-09-28 11:54:19'),
(560, 'frontend/checkout/ajax_add_article', 1, 1, 'LoginActionClose', 'Schließen', '2010-01-01 00:00:00', '2010-09-28 11:54:19'),
(561, 'frontend/ticket/listing', 1, 1, 'TicketInfoId', 'TicketID', '2010-01-01 00:00:00', '2010-09-28 11:54:19'),
(562, 'frontend/register/steps.tpl', 1, 1, 'CheckoutStepBasketNumber', '1', '2010-01-01 00:00:00', '2010-09-28 11:54:19'),
(563, 'frontend/ticket/listing', 1, 1, 'TicketInfoStatus', 'Status', '2010-01-01 00:00:00', '2010-09-28 11:54:19'),
(564, 'frontend/ticket/listing', 1, 1, 'TicketHeadline', 'Supportverwaltung', '2010-01-01 00:00:00', '2010-09-28 11:54:19'),
(565, 'frontend/ticket/listing', 1, 1, 'TicketLinkDetails', '[Details anzeigen]', '2010-01-01 00:00:00', '2010-09-28 11:54:19'),
(567, 'frontend/plugins/trusted_shops/form', 1, 1, 'WidgetsTrustedShopsHeadline', 'Trusted Shops Gütesiegel - Bitte hier klicken.', '2010-01-01 00:00:00', '2010-09-28 11:54:19'),
(568, 'frontend/plugins/trusted_shops/form', 1, 1, 'WidgetsTrustedShopsSalutationMr', 'Herr', '2010-01-01 00:00:00', '2010-09-28 11:54:19'),
(569, 'frontend/plugins/trusted_shops/form', 1, 1, 'WidgetsTrustedShopsSalutationMs', 'Frau', '2010-01-01 00:00:00', '2010-09-28 11:54:19'),
(570, 'frontend/plugins/trusted_shops/form', 1, 1, 'WidgetsTrustedShopsSalutationCompany', 'Firma', '2010-01-01 00:00:00', '2010-09-28 11:54:19'),
(571, 'frontend/plugins/trusted_shops/form', 1, 1, 'WidgetsTrustedShopsInfo', 'Anmeldung zur Geld-zurück-Garantie', '2010-01-01 00:00:00', '2010-09-28 11:54:19'),
(572, 'frontend/plugins/trusted_shops/form', 1, 1, 'WidgetsTrustedShopsText', 'Als zus&auml;tzlichen Service bieten wir Ihnen den Trusted Shops K&auml;uferschutz an. Wir &uuml;bernehmen alle Kosten dieser Garantie, Sie m&uuml;ssen sich lediglich anmelden.', '2010-01-01 00:00:00', '2010-09-28 11:54:19'),
(1431, 'frontend/checkout/ajax_add_article', 1, 1, 'AjaxAddLinkConfirm', 'Zur Kasse', '2010-10-06 19:29:43', '2010-10-15 17:02:07'),
(573, 'frontend/account/select_address', 1, 1, 'SelectAddressSalutationMr', 'Herr', '2010-01-01 00:00:00', '2010-09-28 11:54:19'),
(574, 'frontend/checkout/premiums', 1, 1, 'PremiumInfoSelect', 'Bitte wählen', '2010-01-01 00:00:00', '2010-09-28 11:54:19'),
(576, 'frontend/account/ajax_logout', 1, 1, 'LoginActionClose', 'Schließen', '2010-01-01 00:00:00', '2010-09-28 11:54:19'),
(577, 'frontend/blog/comments', 1, 1, 'BlogInfoComments', 'Kommentare', '2010-01-01 00:00:00', '2010-09-28 11:54:19'),
(578, 'frontend/register/billing_fieldset', 1, 1, 'RegisterLabelDepartment', 'Abteilung', '2010-01-01 00:00:00', '2010-09-28 11:54:19'),
(579, 'frontend/register/steps', 1, 1, 'CheckoutStepConfirmNumber', '3', '2010-01-01 00:00:00', '2010-09-28 11:54:19'),
(580, 'frontend/ticket/detail', 1, 1, 'TicketDetailInfoShopAnswer', 'Unsere Antwort', '2010-01-01 00:00:00', '2010-09-28 11:54:19'),
(581, 'frontend/widgets/blog/listing', 1, 1, 'WidgetsBlogHeadline', 'Neu in unserem Blog', '2010-01-01 00:00:00', '2010-09-28 11:54:19'),
(582, 'frontend/register/billing_fieldset', 1, 1, 'RegisterLabelCompany', 'Name*', '2010-01-01 00:00:00', '2010-09-28 11:54:19'),
(583, 'frontend/error/exception', 1, 1, 'ExceptionHeader', 'Ups! Ein Fehler ist aufgetreten!', '2010-01-01 00:00:00', '2010-09-28 11:54:19'),
(584, 'frontend/error/exception', 1, 1, 'ExceptionText', 'Die nachfolgenden Hinweise sollten Ihnen weiterhelfen.', '2010-01-01 00:00:00', '2010-09-28 11:54:19'),
(585, 'frontend/register/billing_fieldset', 1, 1, 'RegisterHeaderCompany', 'Firma', '2010-01-01 00:00:00', '2010-09-28 11:54:19'),
(586, 'frontend/detail/description', 1, 1, 'ArticleTipMoreInformation', 'Weiterführende Links zu', '2010-01-01 00:00:00', '2010-09-28 11:54:19'),
(587, 'frontend/blog/index', 1, 1, 'ListingLinkAllSuppliers', 'Alle Autoren anzeigen', '2010-01-01 00:00:00', '2010-09-28 11:54:19'),
(588, 'frontend/blog/index', 1, 1, 'ListingInfoFilterSupplier', 'Filter nach Autor', '2010-01-01 00:00:00', '2010-09-28 11:54:19'),
(589, 'frontend/register/billing_fieldset', 1, 1, 'RegisterLabelTaxId', 'Umsatzsteuer-ID', '2010-01-01 00:00:00', '2010-09-28 11:54:19'),
(590, 'frontend/plugins/index/delivery_informations', 1, 1, 'DetailDataInfoInstock', 'Sofort versandfertig,<br/>\r\nLieferzeit ca. 1-3 Werktage', '2010-01-01 00:00:00', '2010-09-28 11:54:19'),
(591, 'frontend/plugins/index/delivery_informations', 1, 1, 'DetailDataShippingtime', 'Lieferzeit', '2010-01-01 00:00:00', '2010-09-28 11:54:19'),
(592, 'frontend/plugins/index/delivery_informations', 1, 1, 'DetailDataInfoInstantDownload', 'Als Sofortdownload verfügbar', '2010-01-01 00:00:00', '2010-09-28 11:54:19'),
(593, 'frontend/plugins/index/delivery_informations', 1, 1, 'DetailDataInfoShipping', 'Lieferbar ab', '2010-01-01 00:00:00', '2010-09-28 11:54:19'),
(594, 'frontend', 1, 1, 'RegisterPasswordLength', 'Bitte wählen Sie ein Passwort welches aus mindestens {config name="MinPassword"} Zeichen besteht.', '2010-01-01 00:00:00', '2010-10-12 19:45:13'),
(595, 'frontend', 1, 1, 'RegisterAjaxEmailNotEqual', 'Die eMail-Adressen stimmen nicht überein.', '2010-01-01 00:00:00', '2010-09-28 11:54:19'),
(596, 'frontend', 1, 1, 'RegisterAjaxEmailNotValid', 'Bitte geben Sie eine gültige eMail-Adresse ein.', '2010-01-01 00:00:00', '2010-09-28 11:54:19'),
(597, 'frontend/checkout/confirm_item', 1, 1, 'CheckoutItemPrice', 'Stückpreis', '2010-01-01 00:00:00', '2010-09-28 11:54:19'),
(598, 'frontend/custom/ajax', 1, 1, 'CustomAjaxActionNewWindow', 'Im neuen Fenster öffnen', '2010-01-01 00:00:00', '2010-09-28 11:54:19'),
(599, 'frontend/account/ajax_logout', 1, 1, 'AccountLogoutButton', 'Zurück', '2010-01-01 00:00:00', '2010-09-28 11:54:19'),
(600, 'frontend/checkout/ajax_cart', 1, 1, 'AjaxCartLinkConfirm', 'Zur Kasse', '2010-01-01 00:00:00', '2010-10-15 16:59:48'),
(601, 'frontend/account/success_messages', 1, 1, 'AccountBillingSuccess', 'Erfolgreich gespeichert', '2010-01-01 00:00:00', '2010-09-28 11:54:19'),
(602, 'frontend/search/paging', 1, 1, 'ListingSortRelease', 'Datum', '2010-01-01 00:00:00', '2010-09-28 11:54:19'),
(603, 'frontend/note/item', 1, 1, 'NoteInfoSupplier', 'Hersteller:', '2010-01-01 00:00:00', '2010-09-28 11:54:19'),
(604, 'frontend/note/index', 1, 1, 'NoteTitle', 'Merkzettel', '2010-01-01 00:00:00', '2010-09-28 11:54:19'),
(605, 'frontend/account/content_right', 1, 1, 'TicketLinkSupport', 'Support-Anfrage', '2010-01-01 00:00:00', '2010-09-28 11:54:19'),
(606, 'frontend/note/item', 1, 1, 'NoteLinkZoom', 'Bild vergrößern', '2010-01-01 00:00:00', '2010-09-28 11:54:19'),
(607, 'frontend/newsletter/index', 1, 1, 'NewsletterRegisterBillingLabelCity', 'Plz / Ort', '2010-01-01 00:00:00', '2010-09-28 11:54:19'),
(608, 'frontend/newsletter/index', 1, 1, 'NewsletterRegisterBillingLabelStreet', 'Straße / Hausnr.', '2010-01-01 00:00:00', '2010-09-28 11:54:19'),
(609, 'frontend/newsletter/index', 1, 1, 'NewsletterRegisterLabelLastname', 'Nachname', '2010-01-01 00:00:00', '2010-09-28 11:54:19'),
(610, 'frontend/newsletter/index', 1, 1, 'NewsletterRegisterLabelFirstname', 'Vorname', '2010-01-01 00:00:00', '2010-09-28 11:54:19'),
(611, 'frontend/newsletter/index', 1, 1, 'NewsletterRegisterLabelMs', 'Frau', '2010-01-01 00:00:00', '2010-09-28 11:54:19'),
(612, 'frontend/newsletter/index', 1, 1, 'NewsletterRegisterLabelMr', 'Herr', '2010-01-01 00:00:00', '2010-09-28 11:54:19'),
(613, 'frontend/newsletter/index', 1, 1, 'NewsletterRegisterPleaseChoose', 'Bitte wählen', '2010-01-01 00:00:00', '2010-09-28 11:54:19'),
(614, 'frontend/newsletter/index', 1, 1, 'NewsletterRegisterLabelSalutation', 'Anrede', '2010-01-01 00:00:00', '2010-09-28 11:54:19'),
(615, 'frontend/register/index', 1, 1, 'RegisterIndexActionSubmit', 'Registrierung abschließen', '2010-01-01 00:00:00', '2010-09-28 11:54:19'),
(616, 'frontend/checkout/added', 1, 1, 'CheckoutAddArticleLinkBack', 'Zurück', '2010-01-01 00:00:00', '2010-09-28 11:54:19'),
(617, 'frontend', 1, 1, 'RegisterAjaxEmailForgiven', 'Diese eMail-Adresse ist bereits registriert.', '2010-01-01 00:00:00', '2010-09-28 11:54:19'),
(618, 'frontend/checkout/added', 1, 1, 'CheckoutAddArticleInfoAdded', '"{$sArticleName}" wurde in den Warenkorb gelegt!', '2010-01-01 00:00:00', '2010-09-28 11:54:19'),
(619, 'frontend/checkout/confirm_footer', 1, 1, 'CheckoutFinishTaxInformation', 'Der Empfänger der Leistung schuldet die Steuer', '2010-01-01 00:00:00', '2010-10-16 10:37:58'),
(620, 'frontend/checkout/confirm_item', 1, 1, 'CartItemInfoFree', 'Kostenlos', '2010-01-01 00:00:00', '2010-09-28 11:54:19'),
(621, 'frontend/account/password', 1, 1, 'LoginBack', 'Zurück', '2010-01-01 00:00:00', '2010-09-28 11:54:19'),
(622, 'frontend/checkout/cart_footer', 1, 1, 'CartFooterTotalTax', 'zzgl. {$rate}&nbsp;% MwSt.:', '2010-01-01 00:00:00', '2010-09-28 11:54:19'),
(623, 'frontend/checkout/cart_footer', 1, 1, 'CartFooterTotalNet', 'Gesamtsumme ohne MwSt.:', '2010-01-01 00:00:00', '2010-09-28 11:54:19'),
(624, 'frontend/detail/error', 1, 1, 'DetailRelatedHeader', 'Dieser Artikel ist leider nicht mehr verfügbar!', '2010-01-01 00:00:00', '2010-09-28 11:54:19'),
(625, 'frontend/detail/error', 1, 1, 'DetailRelatedHeaderSimilarArticles', 'Ähnliche Artikel:', '2010-01-01 00:00:00', '2010-09-28 11:54:19'),
(626, 'frontend/plugins/notification/index', 1, 1, 'DetailNotifyInfoValid', 'Vielen Dank!\r\n\r\nWir haben Ihre Anfrage gespeichert!\r\nSie werden benachrichtigt sobald der Artikel wieder verfügbar ist.\r\n', '2010-01-01 00:00:00', '2010-09-28 11:54:19'),
(627, 'frontend/plugins/notification/index', 1, 1, 'DetailNotifyInfoInvalid', 'Bei der Validierung Ihrer E-Mail-Benachrichtigung ist ein Fehler aufgetreten.', '2010-01-01 00:00:00', '2010-09-28 11:54:19'),
(628, 'frontend/search/paging', 1, 1, 'ListingPaging', 'Blättern:', '2010-01-01 00:00:00', '2010-09-28 11:54:19'),
(629, 'frontend/search/paging', 1, 1, 'ListingLinkPrevious', 'Seite zurück', '2010-01-01 00:00:00', '2010-09-28 11:54:19'),
(630, 'frontend/search/paging', 1, 1, 'ListingTextNext', '>', '2010-01-01 00:00:00', '2010-09-28 11:54:19'),
(631, 'frontend/search/paging', 1, 1, 'ListingLinkNext', 'Seite vor', '2010-01-01 00:00:00', '2010-09-28 11:54:19'),
(632, 'frontend/search/paging', 1, 1, 'ListingTextPrevious', '<', '2010-01-01 00:00:00', '2010-09-28 11:54:19'),
(633, 'frontend/listing/listing_actions', 1, 1, 'ListingPaging', 'Blättern:', '2010-01-01 00:00:00', '2010-09-28 11:54:19'),
(634, 'frontend/listing/listing_actions', 1, 1, 'ListingTextPrevious', '&lt;', '2010-01-01 00:00:00', '2010-09-28 11:54:19'),
(635, 'frontend/listing/listing_actions', 1, 1, 'ListingLinkPrevious', 'Vorherige Seite', '2010-01-01 00:00:00', '2010-09-28 11:54:19'),
(636, 'frontend/listing/listing_actions', 1, 1, 'ListingTextNext', '&gt;', '2010-01-01 00:00:00', '2010-09-28 11:54:19'),
(637, 'frontend/checkout/ajax_add_article', 1, 1, 'ListingBoxNoPicture', 'Kein Bild', '2010-01-01 00:00:00', '2010-09-28 11:54:19'),
(638, 'frontend/index/footer', 1, 1, 'IndexCopyright', 'Copyright &copy; 2010 shopware.ag - Alle Rechte vorbehalten.', '2010-01-01 00:00:00', '2010-09-28 11:54:19'),
(639, 'frontend/detail/header', 1, 1, 'DetailChooseFirst', 'Bitte wählen Sie zuerst eine Variante aus', '2010-01-01 00:00:00', '2010-09-28 11:54:19'),
(640, 'frontend/custom/ajax', 1, 1, 'CustomAjaxActionClose', 'Schliessen', '2010-01-01 00:00:00', '2010-09-28 11:54:19'),
(641, 'frontend', 1, 1, 'sMailConfirmation', 'Vielen Dank. Wir haben Ihnen eine Bestätigungsemail gesendet. Klicken Sie auf den enthaltenen Link um Ihre Anmeldung zu bestästigen.', '2010-01-01 00:00:00', '2010-09-28 11:54:19'),
(642, 'frontend', 1, 1, 'AccountLoginTitle', 'Login', '2010-01-01 00:00:00', '2010-09-28 11:54:19'),
(643, 'frontend/ticket/listing', 1, 1, 'TicketInfoDate', 'Datum', '2010-01-01 00:00:00', '2010-09-28 11:54:19'),
(644, 'frontend/checkout/cart_footer_left', 1, 1, 'CheckoutFooterLabelAddVoucher', 'Gutschein hinzufügen:', '2010-01-01 00:00:00', '2010-09-28 11:54:19'),
(645, 'frontend/checkout/cart_footer_left', 1, 1, 'CheckoutFooterAddVoucherLabelInline', 'Gutschein-Nummer', '2010-01-01 00:00:00', '2010-09-28 11:54:19'),
(1394, 'documents/index', 1, 1, 'DocumentIndexSelectedDispatch', 'Gewählte Versandart:', '2010-09-28 13:02:44', '2010-09-28 13:02:44'),
(649, 'frontend/checkout/confirm', 1, 1, 'ConfirmTextRightOfRevocation', 'Informationen zum Widerrufsrecht [Füllen / Textbaustein]', '2010-09-23 21:23:42', '2010-10-15 13:23:33'),
(650, 'frontend/account/billing', 1, 1, 'BillingLinkSend', 'Ändern', '2010-09-23 21:23:52', '2010-09-28 11:54:19'),
(1395, 'documents/index', 1, 1, 'DocumentIndexCurrency', '\n					<br>Euro Umrechnungsfaktor: {$Order._currency.factor|replace:".":","}\n					', '2010-09-28 13:02:44', '2010-09-28 13:02:44'),
(1383, 'documents/index', 1, 1, 'DocumentIndexHeadPrice', 'Brutto Preis', '2010-09-28 13:02:44', '2010-09-28 13:02:44'),
(1384, 'documents/index', 1, 1, 'DocumentIndexHeadAmount', 'Brutto Gesamt', '2010-09-28 13:02:44', '2010-09-28 13:02:44'),
(1385, 'documents/index', 1, 1, 'DocumentIndexHeadNet', 'Netto Preis', '2010-09-28 13:02:44', '2010-09-28 13:02:44'),
(1386, 'documents/index', 1, 1, 'DocumentIndexHeadNetAmount', 'Netto Gesamt', '2010-09-28 13:02:44', '2010-09-28 13:02:44'),
(1387, 'documents/index', 1, 1, 'DocumentIndexTotalNet', 'Gesamtkosten Netto:', '2010-09-28 13:02:44', '2010-09-28 13:02:44'),
(659, 'frontend/index/index', 1, 1, 'IndexNoscriptNotice', 'Um {$sShopname} in vollen Umfang nutzen zu k&ouml;nnen, empfehlen wir Ihnen Javascript in Ihren Browser zu aktiveren.', '2010-09-23 14:38:10', '2010-09-28 11:54:19'),
(660, 'frontend/index/index', 1, 1, 'IndexRealizedShopsystem', 'Shopware', '2010-09-23 14:38:10', '2010-09-28 11:54:19'),
(661, 'frontend/index/header', 1, 1, 'IndexMetaHttpContentType', 'text/html; charset=iso-8859-1', '2010-09-23 14:38:10', '2010-09-28 11:54:19'),
(662, 'frontend/index/header', 1, 1, 'IndexMetaAuthor', '', '2010-09-23 14:38:10', '2010-09-28 11:54:19'),
(663, 'frontend/index/header', 1, 1, 'IndexMetaCopyright', '', '2010-09-23 14:38:10', '2010-09-28 11:54:19'),
(664, 'frontend/index/header', 1, 1, 'IndexMetaMsNavButtonColor', '#dd4800', '2010-09-23 14:38:10', '2010-09-28 11:54:19'),
(665, 'frontend/index/header', 1, 1, 'IndexMetaShortcutIcon', '{link file=''resources/favicon.ico''}', '2010-09-23 14:38:10', '2010-09-28 11:54:19'),
(1393, 'documents/index', 1, 1, 'DocumentIndexComment', 'Kommentar:', '2010-09-28 13:02:44', '2010-09-28 13:02:44'),
(669, 'frontend/error/index', 1, 1, 'ErrorIndexTitle', 'Es ist ein Fehler aufgetreten', '2010-09-23 14:38:13', '2010-10-15 13:26:59'),
(1388, 'documents/index', 1, 1, 'DocumentIndexTax', 'zzgl. {$key} MwSt:', '2010-09-28 13:02:44', '2010-09-28 13:02:44'),
(1389, 'documents/index', 1, 1, 'DocumentIndexTotal', 'Gesamtkosten:', '2010-09-28 13:02:44', '2010-09-28 13:02:44'),
(1390, 'documents/index', 1, 1, 'DocumentIndexAdviceNet', 'Hinweis: Der Empfänger der Leistung schuldet die Steuer.', '2010-09-28 13:02:44', '2010-09-28 13:02:44'),
(1391, 'documents/index', 1, 1, 'DocumentIndexSelectedPayment', 'Gew&auml;hlte Zahlungsart', '2010-09-28 13:02:44', '2010-09-28 13:02:44'),
(1377, 'documents/index', 1, 1, 'DocumentIndexPageCounter', 'Seite {$page+1} von {$Pages|@count}', '2010-09-28 13:02:44', '2010-09-28 13:02:44'),
(1378, 'documents/index', 1, 1, 'DocumentIndexHeadPosition', 'Pos.', '2010-09-28 13:02:44', '2010-09-28 13:02:44'),
(1379, 'documents/index', 1, 1, 'DocumentIndexHeadArticleID', 'Art-Nr.', '2010-09-28 13:02:44', '2010-09-28 13:02:44'),
(1380, 'documents/index', 1, 1, 'DocumentIndexHeadName', 'Bezeichnung', '2010-09-28 13:02:44', '2010-09-28 13:02:44'),
(1381, 'documents/index', 1, 1, 'DocumentIndexHeadQuantity', 'Anz.', '2010-09-28 13:02:44', '2010-09-28 13:02:44'),
(1382, 'documents/index', 1, 1, 'DocumentIndexHeadTax', 'MwSt.', '2010-09-28 13:02:44', '2010-09-28 13:02:44'),
(1517, 'frontend/account/order_item.tpl', 1, 1, 'OrderItemComment', 'Unser Kommentar', '2010-01-01 00:00:00', '2010-01-01 00:00:00'),
(1516, 'frontend/account/order_item.tpl', 1, 1, 'OrderItemCustomerComment', 'Ihr Kommentar', '2010-01-01 00:00:00', '2010-01-01 00:00:00'),
(684, 'frontend/compare/overlay', 1, 1, 'CompareLinkPrint', 'Drucken', '2010-09-23 21:28:38', '2010-09-28 11:54:19'),
(685, 'frontend/detail/index', 1, 1, 'DetailChooseFirst', '', '2010-09-24 10:39:45', '2010-09-28 11:54:19'),
(686, 'frontend/plugins/recommendation/slide_articles', 1, 1, 'ListingBoxArticleStartsAt', 'ab', '2010-09-24 14:59:39', '2010-09-28 11:54:19'),
(1373, 'documents/index', 1, 1, 'DocumentIndexOrderID', 'Bestell-Nr.:', '2010-09-28 13:02:44', '2010-09-28 13:02:44'),
(1374, 'documents/index', 1, 1, 'DocumentIndexDate', 'Datum:', '2010-09-28 13:02:44', '2010-09-28 13:02:44'),
(1375, 'documents/index', 1, 1, 'DocumentIndexDeliveryDate', 'Liefertermin:', '2010-09-28 13:02:44', '2010-09-28 13:02:44'),
(1376, 'documents/index', 1, 1, 'DocumentIndexInvoiceNumber', 'Rechnung Nr. {$Document.id}', '2010-09-28 13:02:44', '2010-09-28 13:02:44'),
(692, 'frontend/search/fuzzy', 1, 1, 'SearchHeadline', 'Zu "{$sRequests.sSearch}" wurden {$sSearchResults.sArticlesCount} Artikel gefunden!', '2010-09-25 12:28:44', '2010-09-28 11:54:19'),
(1511, 'backend/plugin/skeleton', 1, 1, 'WindowTitle', 'Plugin Manager', '2010-10-13 22:40:31', '2010-10-13 22:40:31'),
(694, 'backend/cache/skeleton', 1, 1, 'WindowTitle', 'Cache', '2010-09-25 13:05:39', '2010-09-28 11:54:19'),
(695, 'frontend/account/ajax_login', 1, 1, 'LoginInfoNew', 'Kein Problem, eine Shopbestellung ist einfach und sicher. Die Anmeldung dauert nur wenige Augenblicke.', '2010-09-25 13:25:28', '2010-09-28 11:54:19'),
(696, 'frontend/account/ajax_login', 1, 1, 'LoginActionCreateAccount', 'Weiter', '2010-09-25 13:25:28', '2010-09-28 11:54:19'),
(697, 'frontend/custom/right', 1, 1, 'CustomHeader', 'Direkter Kontakt', '2010-09-25 13:27:32', '2010-09-28 11:54:19'),
(698, 'frontend/custom/right', 1, 1, 'CustomTextContact', 'Ihre Adresse', '2010-09-25 13:27:32', '2010-09-28 11:54:19'),
(699, 'frontend/account/ajax_login', 1, 1, 'LoginLabelPassword', 'Ihr Passwort:', '2010-09-25 14:17:21', '2010-09-28 11:54:19'),
(700, 'frontend/checkout/confirm_header', 1, 1, 'CartColumnTotal', 'Summe', '2010-09-25 16:02:40', '2010-09-28 11:54:19'),
(701, 'frontend/account/ajax_login', 1, 1, 'LoginTextExisting', 'Einloggen mit Ihrer eMail-Adresse und Ihrem Passwort', '2010-09-25 16:43:39', '2010-09-28 11:54:19'),
(702, 'frontend/register/index', 1, 1, 'RegisterLabelDataCheckbox', 'Hiermit akzeptiere ich die Datenschutz-Bestimmungen', '2010-09-25 17:39:30', '2010-09-28 11:54:19'),
(703, 'frontend/content/paging', 1, 1, 'ListingPaging', 'Blättern:', '2010-09-26 11:44:05', '2010-09-28 11:54:19'),
(704, 'frontend/content/paging', 1, 1, 'ListingLinkPrevious', 'Zurück', '2010-09-26 11:44:05', '2010-09-28 11:54:19'),
(705, 'frontend/content/paging', 1, 1, 'ListingTextPrevious', '&lt;', '2010-09-26 11:44:05', '2010-09-28 11:54:19'),
(706, 'frontend/content/paging', 1, 1, 'ListingLinkNext', 'Weiter', '2010-09-26 11:44:05', '2010-09-28 11:54:19'),
(707, 'frontend/content/paging', 1, 1, 'ListingTextNext', '&gt;', '2010-09-26 11:44:05', '2010-09-28 11:54:19'),
(708, 'frontend/account/success_messages', 1, 1, 'AccountNewsletterSuccess', 'Erfolgreich gespeichert', '2010-09-26 12:26:18', '2010-09-28 11:54:19'),
(709, 'backend/index/header', 1, 1, 'IndexTitle', '', '2010-09-26 13:00:05', '2010-09-28 11:54:19'),
(710, 'frontend/ticket/detail', 1, 1, 'TicketDetailLinkBack', 'Zurück', '2010-09-26 15:14:11', '2010-09-28 11:54:19'),
(711, 'frontend/listing/listing_actions', 1, 1, 'ListingActionsOffersLink', 'Weitere Artikel in dieser Kategorie &raquo;', '2010-09-26 15:18:42', '2010-09-28 11:54:19'),
(712, 'frontend/newsletter/listing', 1, 1, 'NewsletterListingHeaderName', 'Name', '2010-09-27 09:52:02', '2010-09-28 11:54:19'),
(713, 'backend/snippet/skeleton', 1, 1, 'WindowTitle', '', '2010-09-27 14:54:29', '2010-09-28 11:54:19'),
(714, 'frontend/detail/config_step', 1, 1, 'DetailConfigValueSelect', 'Bitte wählen', '2010-09-27 11:19:49', '2010-09-28 11:54:19'),
(715, 'frontend/detail/config_step', 1, 1, 'DetailConfigActionSubmit', 'Auswählen', '2010-09-27 11:19:49', '2010-09-28 11:54:19'),
(716, 'frontend/detail/config_upprice', 1, 1, 'DetailConfigActionSubmit', 'Auswählen', '2010-09-27 11:19:49', '2010-09-28 11:54:19'),
(717, 'frontend/search/filter_category', 1, 1, 'SearchFilterCategoryHeading', 'Suchergebnis nach Kategorien einschr&auml;nken', '2010-09-27 14:27:46', '2010-09-28 11:54:19'),
(718, 'frontend/search/paging', 1, 1, 'ListingLabelItemsPerPage', 'Artikel pro Seite:', '2010-09-27 14:27:46', '2010-09-28 11:54:19'),
(719, 'frontend/search/ajax', 1, 1, 'SearchAjaxLinkAllResults', 'Alle Ergebnisse anzeigen', '2010-09-27 14:36:16', '2010-09-28 11:54:19'),
(720, 'frontend/search/ajax', 1, 1, 'SearchAjaxInfoResults', 'Treffer', '2010-09-27 14:36:16', '2010-09-28 11:54:19'),
(721, 'frontend/plugins/recommendation/blocks_index', 1, 1, 'IndexNewArticlesSlider', 'Neu im Sortiment:', '2010-09-27 15:36:42', '2010-09-28 11:54:19'),
(722, 'frontend/plugins/recommendation/blocks_index', 1, 1, 'IndexSimilaryArticlesSlider', 'Ähnliche Artikel wie die, die Sie sich angesehen haben:', '2010-09-27 15:36:42', '2010-09-28 11:54:19'),
(723, 'frontend/plugins/recommendation/blocks_index', 1, 1, 'IndexSupplierSlider', 'Unsere Top Marken', '2010-09-27 15:36:42', '2010-09-28 11:54:19'),
(724, 'frontend/detail/similar', 6, 2, 'DetailSimilarHeader', 'related items', '0000-00-00 00:00:00', '2010-09-28 11:54:19'),
(725, 'frontend/detail/comment', 6, 2, 'DetailCommentActionSave', 'save', '0000-00-00 00:00:00', '2010-09-28 11:54:19');
INSERT INTO `s_core_snippets` (`id`, `namespace`, `shopID`, `localeID`, `name`, `value`, `created`, `updated`) VALUES
(726, 'frontend/detail/comment', 6, 2, 'DetailCommentInfoFields', 'All boxes marked with * must be filled out', '0000-00-00 00:00:00', '2010-09-28 11:54:19'),
(727, 'frontend/detail/comment', 6, 2, 'DetailCommentLabelCaptcha', 'Please type in this number sequence in the upcoming input box', '0000-00-00 00:00:00', '2010-09-28 11:54:19'),
(728, 'frontend/detail/comment', 6, 2, 'DetailCommentLabelText', 'your opinion', '0000-00-00 00:00:00', '2010-09-28 11:54:19'),
(729, 'frontend/detail/comment', 6, 2, 'Rate1', '1 miserable', '0000-00-00 00:00:00', '2010-09-28 11:54:19'),
(730, 'frontend/detail/comment', 6, 2, 'Rate2', '2', '0000-00-00 00:00:00', '2010-09-28 11:54:19'),
(731, 'frontend/detail/comment', 6, 2, 'Rate3', '3', '0000-00-00 00:00:00', '2010-09-28 11:54:19'),
(732, 'frontend/detail/comment', 6, 2, 'Rate4', '4', '0000-00-00 00:00:00', '2010-09-28 11:54:19'),
(733, 'frontend/detail/comment', 6, 2, 'Rate5', '5', '0000-00-00 00:00:00', '2010-09-28 11:54:19'),
(734, 'frontend/detail/comment', 6, 2, 'Rate6', '6', '0000-00-00 00:00:00', '2010-09-28 11:54:19'),
(735, 'frontend/detail/comment', 6, 2, 'Rate7', '7', '0000-00-00 00:00:00', '2010-09-28 11:54:19'),
(736, 'frontend/detail/comment', 6, 2, 'Rate8', '8', '0000-00-00 00:00:00', '2010-09-28 11:54:19'),
(737, 'frontend/detail/comment', 6, 2, 'Rate9', '9', '0000-00-00 00:00:00', '2010-09-28 11:54:19'),
(738, 'frontend/detail/comment', 6, 2, 'Rate10', '10 excellent', '0000-00-00 00:00:00', '2010-09-28 11:54:19'),
(739, 'frontend/detail/comment', 6, 2, 'DetailCommentLabelRating', 'rating', '0000-00-00 00:00:00', '2010-09-28 11:54:19'),
(740, 'frontend/detail/comment', 6, 2, 'DetailCommentLabelSummary', 'summary', '0000-00-00 00:00:00', '2010-09-28 11:54:19'),
(741, 'frontend/detail/comment', 6, 2, 'DetailCommentLabelName', 'your name', '0000-00-00 00:00:00', '2010-09-28 11:54:19'),
(742, 'frontend/detail/comment', 6, 2, 'DetailCommentTextReview', 'reviews will be published after being checked', '0000-00-00 00:00:00', '2010-09-28 11:54:19'),
(743, 'frontend/detail/comment', 6, 2, 'DetailCommentHeaderWriteReview', 'write a review', '0000-00-00 00:00:00', '2010-09-28 11:54:19'),
(744, 'frontend/blog/detail', 6, 2, 'BlogHeaderLinks', 'more information about', '0000-00-00 00:00:00', '2010-09-28 11:54:19'),
(745, 'frontend/detail/comment', 6, 2, 'DetailCommentHeader', 'customer reviews on', '0000-00-00 00:00:00', '2010-09-28 11:54:19'),
(746, 'frontend/detail/description', 6, 2, 'DetailDescriptionHeader', 'product information', '0000-00-00 00:00:00', '2010-09-28 11:54:19'),
(747, 'frontend/detail/tabs', 6, 2, 'DetailTabsRating', 'reviews', '0000-00-00 00:00:00', '2010-09-28 11:54:19'),
(748, 'frontend/detail/tabs', 6, 2, 'DetailTabsDescription', 'description', '0000-00-00 00:00:00', '2010-09-28 11:54:19'),
(749, 'frontend/detail/actions', 6, 2, 'DetailLinkContact', 'Questions about the item?', '0000-00-00 00:00:00', '2010-09-28 11:54:19'),
(750, 'frontend/detail/actions', 6, 2, 'DetailLinkNotepad', 'add to notepad', '0000-00-00 00:00:00', '2010-09-28 11:54:19'),
(751, 'frontend/detail/actions', 6, 2, 'DetailLinkReview', 'write a review', '0000-00-00 00:00:00', '2010-09-28 11:54:19'),
(752, 'frontend/detail/actions', 6, 2, 'DetailLinkVoucher', 'recommend article', '0000-00-00 00:00:00', '2010-10-17 18:49:27'),
(753, 'frontend/detail/buy', 6, 2, 'DetailBuyActionAdd', 'add to shopping cart', '0000-00-00 00:00:00', '2010-09-28 11:54:19'),
(754, 'frontend/detail/buy', 6, 2, 'DetailBuyLabelQuantity', 'quantity', '0000-00-00 00:00:00', '2010-09-28 11:54:19'),
(755, 'frontend/detail/data', 6, 2, 'DetailDataId', 'order number', '0000-00-00 00:00:00', '2010-09-28 11:54:19'),
(756, 'frontend/detail/index', 6, 2, 'DetailFrom', 'from', '0000-00-00 00:00:00', '2010-09-28 11:54:19'),
(757, 'frontend/account/ajax_login', 6, 2, 'LoginActionNext', 'continue', '0000-00-00 00:00:00', '2010-09-28 11:54:19'),
(758, 'frontend/detail/navigation', 6, 2, 'DetailNavIndex', 'overview', '0000-00-00 00:00:00', '2010-09-28 11:54:19'),
(759, 'frontend/detail/navigation', 6, 2, 'DetailNavCount', 'from', '0000-00-00 00:00:00', '2010-09-28 11:54:19'),
(760, 'frontend/listing/box_article', 6, 2, 'ListingBoxLinkDetails', 'more', '0000-00-00 00:00:00', '2010-10-15 16:58:42'),
(761, 'frontend/listing/box_article', 6, 2, 'ListingBoxLinkBuy', 'buy now', '0000-00-00 00:00:00', '2010-10-15 16:58:13'),
(762, 'frontend/listing/box_article', 6, 2, 'ListingBoxNoPicture', 'no picture available', '0000-00-00 00:00:00', '2010-09-28 11:54:19'),
(763, 'frontend/listing/listing_actions', 6, 2, 'ListingView4Cols', 'four columns', '0000-00-00 00:00:00', '2010-09-28 11:54:19'),
(764, 'frontend/listing/listing_actions', 6, 2, 'ListingView3Cols', 'three columns', '0000-00-00 00:00:00', '2010-09-28 11:54:19'),
(765, 'frontend/listing/listing_actions', 6, 2, 'ListingView2Cols', 'two columns', '0000-00-00 00:00:00', '2010-09-28 11:54:19'),
(766, 'frontend/listing/listing_actions', 6, 2, 'ListingViewTable', 'list', '0000-00-00 00:00:00', '2010-09-28 11:54:19'),
(767, 'frontend/listing/listing_actions', 6, 2, 'ListingLabelView', 'view', '0000-00-00 00:00:00', '2010-09-28 11:54:19'),
(768, 'frontend/listing/listing_actions', 6, 2, 'ListingLabelItemsPerPage', 'items per page', '0000-00-00 00:00:00', '2010-09-28 11:54:19'),
(769, 'frontend/listing/listing_actions', 6, 2, 'ListingSortName', 'item description', '0000-00-00 00:00:00', '2010-09-28 11:54:19'),
(770, 'frontend/listing/listing_actions', 6, 2, 'ListingSortPriceHighest', 'highest price', '0000-00-00 00:00:00', '2010-09-28 11:54:19'),
(771, 'frontend/listing/listing_actions', 6, 2, 'ListingSortPriceLowest', 'lowest price', '0000-00-00 00:00:00', '2010-09-28 11:54:19'),
(772, 'frontend/listing/listing_actions', 6, 2, 'ListingSortRating', 'popularity', '0000-00-00 00:00:00', '2010-09-28 11:54:19'),
(773, 'frontend/listing/listing_actions', 6, 2, 'ListingSortRelease', 'release date', '0000-00-00 00:00:00', '2010-09-28 11:54:19'),
(774, 'frontend/blog/index', 6, 2, 'BlogLinkAtom', 'Atom-Feed', '0000-00-00 00:00:00', '2010-09-28 11:54:19'),
(775, 'frontend/listing/listing_actions', 6, 2, 'ListingLabelSort', 'sorting', '0000-00-00 00:00:00', '2010-09-28 11:54:19'),
(776, 'frontend/blog/index', 6, 2, 'BlogLinkRSS', 'RSS-Feed', '0000-00-00 00:00:00', '2010-09-28 11:54:19'),
(777, 'frontend/checkout/finish', 6, 2, 'FinishTextRightOfRevocation', 'information on returns policy', '0000-00-00 00:00:00', '2010-09-28 11:54:19'),
(1518, 'frontend/checkout/confirm_header', 1, 1, 'CheckoutColumnExcludeTax', 'zzgl. Mwst.', '2010-10-15 13:21:16', '2010-10-15 13:22:00'),
(779, 'frontend/index/footer', 6, 2, 'FooterInfoIncludeVat', '""><a title=""Versandkosten"" href=""{$sBasefile}?sViewport=custom&cCUSTOM=6"">Versandkosten</a></span> und ggf. Nachnahmegebühren, wenn nicht anders beschrieben"', '0000-00-00 00:00:00', '2010-10-07 23:31:10'),
(780, 'frontend/widgets/topseller', 6, 2, 'WidgetsTopsellerNoPicture', 'no picture available', '0000-00-00 00:00:00', '2010-09-28 11:54:19'),
(781, 'frontend/blog/box', 6, 2, 'BlogLinkMore', 'read more', '0000-00-00 00:00:00', '2010-09-28 11:54:19'),
(782, 'frontend/blog/box', 6, 2, 'BlogInfoFrom', 'from:', '0000-00-00 00:00:00', '2010-09-28 11:54:19'),
(783, 'frontend/blog/box', 6, 2, 'BlogInfoComments', 'comments', '0000-00-00 00:00:00', '2010-09-28 11:54:19'),
(784, 'frontend/plugins/index/viewlast', 6, 2, 'WidgetsRecentlyViewedLinkDetails', 'more information', '0000-00-00 00:00:00', '2010-09-28 11:54:19'),
(785, 'frontend/plugins/index/viewlast', 6, 2, 'WidgetsRecentlyViewedHeadline', 'recently viewed', '0000-00-00 00:00:00', '2010-09-28 11:54:19'),
(786, 'frontend/index/breadcrumb', 6, 2, 'BreadcrumbDefault', 'you are here:', '0000-00-00 00:00:00', '2010-09-28 11:54:19'),
(787, 'frontend/blog/detail', 6, 2, 'BlogHeaderSocialmedia', 'recommend ', '0000-00-00 00:00:00', '2010-09-28 11:54:19'),
(788, 'frontend/register/index', 6, 2, 'RegisterTitle', 'sign in', '0000-00-00 00:00:00', '2010-09-28 11:54:19'),
(789, 'frontend/checkout/confirm', 6, 2, 'ConfirmErrorAGB', 'Please accept our general terms and conditions', '0000-00-00 00:00:00', '2010-09-28 11:54:19'),
(790, 'frontend/index/checkout_actions', 6, 2, 'IndexLinkNotepad', 'notepad', '0000-00-00 00:00:00', '2010-09-28 11:54:19'),
(791, 'frontend/checkout/finish', 6, 2, 'FinishTitleRightOfRevocation', 'returns policy', '0000-00-00 00:00:00', '2010-09-28 11:54:19'),
(792, 'frontend/account/content_right', 6, 2, 'AccountLinkOverview', 'my account', '0000-00-00 00:00:00', '2010-09-28 11:54:19'),
(793, 'frontend/index/checkout_actions', 6, 2, 'IndexActionShowPositions', 'show ', '0000-00-00 00:00:00', '2010-09-28 11:54:19'),
(794, 'frontend/index/checkout_actions', 6, 2, 'IndexInfoArticles', 'item', '0000-00-00 00:00:00', '2010-09-28 11:54:19'),
(795, 'frontend/index/checkout_actions', 6, 2, 'IndexLinkCart', 'shopping cart', '0000-00-00 00:00:00', '2010-09-28 11:54:19'),
(796, 'frontend/compare/index', 6, 2, 'CompareActionDelete', 'delete comparison', '0000-00-00 00:00:00', '2010-09-28 11:54:19'),
(797, 'frontend/compare/index', 6, 2, 'CompareActionStart', 'start comparison', '0000-00-00 00:00:00', '2010-09-28 11:54:19'),
(798, 'frontend/index/index', 6, 2, 'IndexLinkDefault', 'go to start page', '0000-00-00 00:00:00', '2010-09-28 11:54:19'),
(799, 'frontend/index/header', 6, 2, 'IndexMetaAuthor', 'hello', '0000-00-00 00:00:00', '2010-09-28 11:54:19'),
(800, 'frontend/search/paging', 6, 2, 'ListingSortRating', 'rating', '0000-00-00 00:00:00', '2010-09-28 11:54:19'),
(801, 'frontend/search/paging', 6, 2, 'ListingSortPriceLowest', 'lowest price', '0000-00-00 00:00:00', '2010-09-28 11:54:19'),
(802, 'frontend/search/paging', 6, 2, 'ListingSortPriceHighest', 'highest price', '0000-00-00 00:00:00', '2010-09-28 11:54:19'),
(803, 'frontend/checkout/ajax_add_article', 6, 2, 'AjaxAddHeader', 'The article has been added to the shopping cart successfully.', '0000-00-00 00:00:00', '2010-09-28 11:54:19'),
(804, 'frontend/checkout/ajax_add_article', 6, 2, 'AjaxAddLinkBack', 'continue shopping', '0000-00-00 00:00:00', '2010-09-28 11:54:19'),
(805, 'frontend/checkout/ajax_add_article', 6, 2, 'AjaxAddLinkCart', 'show shopping cart', '0000-00-00 00:00:00', '2010-09-28 11:54:19'),
(806, 'frontend/checkout/ajax_add_article', 6, 2, 'AjaxAddHeaderCrossSelling', 'you might like this item', '0000-00-00 00:00:00', '2010-09-28 11:54:19'),
(807, 'frontend/checkout/ajax_amount', 6, 2, 'AjaxAmountInfoCountArticles', 'item', '0000-00-00 00:00:00', '2010-09-28 11:54:19'),
(808, 'frontend/account/ajax_login', 6, 2, 'LoginHeader', 'a+I120n online order is simple', '0000-00-00 00:00:00', '2010-09-28 11:54:19'),
(809, 'frontend/account/ajax_login', 6, 2, 'LoginLabelMail', 'your email', '0000-00-00 00:00:00', '2010-09-28 11:54:19'),
(810, 'frontend/account/ajax_login', 6, 2, 'LoginLabelNew', 'new customer', '0000-00-00 00:00:00', '2010-09-28 11:54:19'),
(811, 'frontend/account/ajax_login', 6, 2, 'LoginLabelExisting', 'I am already a customer and my password is', '0000-00-00 00:00:00', '2010-09-28 11:54:19'),
(812, 'frontend/account/ajax_login', 6, 2, 'LoginLinkLostPassword', 'Forgot your password?', '0000-00-00 00:00:00', '2010-09-28 11:54:19'),
(813, 'frontend/account/ajax_login', 6, 2, 'LoginActionClose', 'close window', '0000-00-00 00:00:00', '2010-09-28 11:54:19'),
(814, 'frontend/detail/navigation', 6, 2, 'DetailNavNext', 'continue', '0000-00-00 00:00:00', '2010-09-28 11:54:19'),
(815, 'frontend/listing/listing_actions', 6, 2, 'ListingTextFrom', 'from', '0000-00-00 00:00:00', '2010-09-28 11:54:19'),
(816, 'frontend/listing/listing_actions', 6, 2, 'ListingTextSite', 'site', '0000-00-00 00:00:00', '2010-09-28 11:54:19'),
(817, 'frontend/listing/listing_actions', 6, 2, 'ListingLinkNext', 'next site', '0000-00-00 00:00:00', '2010-09-28 11:54:19'),
(818, 'frontend/listing/box_article', 6, 2, 'ListingBoxArticleStartsAt', 'from', '0000-00-00 00:00:00', '2010-09-28 11:54:19'),
(819, 'frontend/widgets/topseller', 6, 2, 'TopsellerHeading', 'topseller', '0000-00-00 00:00:00', '2010-09-28 11:54:19'),
(820, 'frontend/widgets/compare/index', 6, 2, 'DetailActionLinkCompare', 'compare items', '0000-00-00 00:00:00', '2010-09-28 11:54:19'),
(821, 'frontend/register/personal_fieldset', 6, 2, 'RegisterPersonalHeadline', 'your personal information', '0000-00-00 00:00:00', '2010-09-28 11:54:19'),
(822, 'frontend/register/personal_fieldset', 6, 2, 'RegisterPersonalLabelType', 'I am already a customer and my password is', '0000-00-00 00:00:00', '2010-09-28 11:54:19'),
(823, 'frontend/register/personal_fieldset', 6, 2, 'RegisterPersonalLabelPrivate', 'a private customer', '0000-00-00 00:00:00', '2010-09-28 11:54:19'),
(824, 'frontend/register/personal_fieldset', 6, 2, 'RegisterPersonalLabelBusiness', 'a corporation', '0000-00-00 00:00:00', '2010-09-28 11:54:19'),
(825, 'frontend/register/personal_fieldset', 6, 2, 'RegisterLabelSalutation', 'form of address', '0000-00-00 00:00:00', '2010-09-28 11:54:19'),
(826, 'frontend/register/personal_fieldset', 6, 2, 'RegisterLabelMr', 'Mr', '0000-00-00 00:00:00', '2010-09-28 11:54:19'),
(827, 'frontend/register/personal_fieldset', 6, 2, 'RegisterLabelMs', 'Ms', '0000-00-00 00:00:00', '2010-09-28 11:54:19'),
(828, 'frontend/register/personal_fieldset', 6, 2, 'RegisterLabelFirstname', 'given name', '0000-00-00 00:00:00', '2010-09-28 11:54:19'),
(829, 'frontend/register/personal_fieldset', 6, 2, 'RegisterLabelLastname', 'last name', '0000-00-00 00:00:00', '2010-09-28 11:54:19'),
(830, 'frontend/register/personal_fieldset', 6, 2, 'RegisterLabelNoAccount', 'don''t create customer account', '0000-00-00 00:00:00', '2010-09-28 11:54:19'),
(831, 'frontend/register/personal_fieldset', 6, 2, 'RegisterLabelMail', 'your email', '0000-00-00 00:00:00', '2010-09-28 11:54:19'),
(832, 'frontend/register/personal_fieldset', 6, 2, 'RegisterLabelMailConfirmation', 'repeat your email', '0000-00-00 00:00:00', '2010-09-28 11:54:19'),
(833, 'frontend/register/personal_fieldset', 6, 2, 'RegisterLabelPassword', 'your password', '0000-00-00 00:00:00', '2010-09-28 11:54:19'),
(834, 'frontend/register/personal_fieldset', 6, 2, 'RegisterLabelPasswordRepeat', 'repeat your password', '0000-00-00 00:00:00', '2010-09-28 11:54:19'),
(835, 'frontend/register/personal_fieldset', 6, 2, 'RegisterInfoPassword', 'your password must have at least ', '0000-00-00 00:00:00', '2010-09-28 11:54:19'),
(836, 'frontend/register/personal_fieldset', 6, 2, 'RegisterInfoPasswordCharacters', 'characters', '0000-00-00 00:00:00', '2010-09-28 11:54:19'),
(837, 'frontend/register/personal_fieldset', 6, 2, 'RegisterInfoPassword2', 'check case-sensitivity', '0000-00-00 00:00:00', '2010-09-28 11:54:19'),
(838, 'frontend/register/personal_fieldset', 6, 2, 'RegisterLabelPhone', 'phone:', '0000-00-00 00:00:00', '2010-09-28 11:54:19'),
(839, 'frontend/register/personal_fieldset', 6, 2, 'RegisterLabelBirthday', 'date of birth:', '0000-00-00 00:00:00', '2010-09-28 11:54:19'),
(840, 'frontend/plugins/index/delivery_informations', 6, 2, 'DetailDataInfoNotAvailable', 'This option is not eligible!', '0000-00-00 00:00:00', '2010-09-28 11:54:19'),
(841, 'frontend/plugins/index/delivery_informations', 6, 2, 'DetailDataInfoShippingfree', 'Free shipping!', '0000-00-00 00:00:00', '2010-09-28 11:54:19'),
(842, 'frontend/detail/data', 6, 2, 'DetailDataInfoArticleStartsAt', 'from', '0000-00-00 00:00:00', '2010-09-28 11:54:19'),
(843, 'frontend/blog/filter', 6, 2, 'BlogHeaderFilterProperties', 'filter', '0000-00-00 00:00:00', '2010-09-28 11:54:19'),
(844, 'frontend/register/billing_fieldset', 6, 2, 'RegisterBillingHeadline', 'your address', '0000-00-00 00:00:00', '2010-09-28 11:54:19'),
(845, 'frontend/register/billing_fieldset', 6, 2, 'RegisterBillingLabelStreet', 'street name / house number:', '0000-00-00 00:00:00', '2010-09-28 11:54:19'),
(846, 'frontend/register/billing_fieldset', 6, 2, 'RegisterBillingLabelCity', 'postal code / city:', '0000-00-00 00:00:00', '2010-09-28 11:54:19'),
(847, 'frontend/register/billing_fieldset', 6, 2, 'RegisterBillingLabelCountry', 'country:', '0000-00-00 00:00:00', '2010-09-28 11:54:19'),
(848, 'frontend/register/billing_fieldset', 6, 2, 'RegisterBillingLabelSelect', 'Please select?', '0000-00-00 00:00:00', '2010-09-28 11:54:19'),
(849, 'frontend/register/billing_fieldset', 6, 2, 'RegisterBillingLabelShipping', 'The shipping address is different from the billing address', '0000-00-00 00:00:00', '2010-09-28 11:54:19'),
(850, 'frontend/register/shipping_fieldset', 6, 2, 'RegisterShippingHeadline', 'your differing shipping address', '0000-00-00 00:00:00', '2010-09-28 11:54:19'),
(851, 'frontend/register/shipping_fieldset', 6, 2, 'RegisterShippingLabelSalutation', 'form of address:', '0000-00-00 00:00:00', '2010-09-28 11:54:19'),
(852, 'frontend/register/shipping_fieldset', 6, 2, 'RegisterShippingLabelCompany', 'corporation:', '0000-00-00 00:00:00', '2010-09-28 11:54:19'),
(853, 'frontend/register/shipping_fieldset', 6, 2, 'RegisterShippingLabelDepartment', 'department:', '0000-00-00 00:00:00', '2010-09-28 11:54:19'),
(854, 'frontend/register/shipping_fieldset', 6, 2, 'RegisterShippingLabelFirstname', 'given name:', '0000-00-00 00:00:00', '2010-09-28 11:54:19'),
(855, 'frontend/register/shipping_fieldset', 6, 2, 'RegisterShippingLabelLastname', 'last name.', '0000-00-00 00:00:00', '2010-09-28 11:54:19'),
(856, 'frontend/register/shipping_fieldset', 6, 2, 'RegisterShippingLabelStreet', 'street name / house number:', '0000-00-00 00:00:00', '2010-09-28 11:54:19'),
(857, 'frontend/register/shipping_fieldset', 6, 2, 'RegisterShippingLabelCity', 'postal code / city:', '0000-00-00 00:00:00', '2010-09-28 11:54:19'),
(858, 'frontend/register/shipping_fieldset', 6, 2, 'RegisterShippingLabelCountry', 'country:', '0000-00-00 00:00:00', '2010-09-28 11:54:19'),
(859, 'frontend/register/shipping_fieldset', 6, 2, 'RegisterShippingLabelSelect', 'Please select?', '0000-00-00 00:00:00', '2010-09-28 11:54:19'),
(860, 'frontend/register/payment_fieldset', 6, 2, 'RegisterPaymentHeadline', 'Please select your preferred method of payment', '0000-00-00 00:00:00', '2010-09-28 11:54:19'),
(861, 'frontend/plugins/payment/debit', 6, 2, 'PaymentDebitLabelAccount', 'account number', '0000-00-00 00:00:00', '2010-09-28 11:54:19'),
(862, 'frontend/plugins/payment/debit', 6, 2, 'PaymentDebitLabelBankcode', 'bank code', '0000-00-00 00:00:00', '2010-09-28 11:54:19'),
(863, 'frontend/plugins/payment/debit', 6, 2, 'PaymentDebitLabelBankname', 'your bank', '0000-00-00 00:00:00', '2010-09-28 11:54:19'),
(864, 'frontend/plugins/payment/debit', 6, 2, 'PaymentDebitLabelName', 'account holder', '0000-00-00 00:00:00', '2010-09-28 11:54:19'),
(865, 'frontend/plugins/payment/debit', 6, 2, 'PaymentDebitInfoFields', 'All boxes marked with * must be filled out', '0000-00-00 00:00:00', '2010-09-28 11:54:19'),
(866, 'frontend/register/index', 6, 2, 'RegisterInfoAdvantages', '<h2>my advantages</h2> <ul> <li>shopping faster</li> <li>save your user data and settings</li> <li>check your orders and shipping status</li> <li>manage your newsletter subscriptions</li> </ul>', '0000-00-00 00:00:00', '2010-09-28 11:54:19'),
(867, 'frontend/register/error_message', 6, 2, 'RegisterErrorHeadline', 'An error has occurred!', '0000-00-00 00:00:00', '2010-09-28 11:54:19'),
(868, 'frontend/detail/navigation', 6, 2, 'DetailNavPrevious', 'back', '0000-00-00 00:00:00', '2010-09-28 11:54:19'),
(869, 'frontend/detail/comment', 6, 2, 'DetailCommentInfoFillOutFields', 'Please fill out all boxes in red', '0000-00-00 00:00:00', '2010-09-28 11:54:19'),
(870, 'frontend/listing/filter_supplier', 6, 2, 'FilterSupplierHeadline', 'producer', '0000-00-00 00:00:00', '2010-09-28 11:54:19'),
(871, 'frontend/listing/listing', 6, 2, 'ListingInfoFilterSupplier', 'items from', '0000-00-00 00:00:00', '2010-09-28 11:54:19'),
(872, 'frontend/listing/listing', 6, 2, 'ListingLinkAllSuppliers', 'show all producers', '0000-00-00 00:00:00', '2010-09-28 11:54:19'),
(873, 'frontend/custom/right.tpl', 6, 2, 'CustomHeader', 'direct contact', '0000-00-00 00:00:00', '2010-09-28 11:54:19'),
(874, 'frontend/forms/index', 6, 2, 'FormsTextContact', '<strong>demo shop<br /> </strong><br /> insert your contact information here', '0000-00-00 00:00:00', '2010-09-28 11:54:19'),
(875, 'frontend/checkout/shipping_costs', 6, 2, 'ShippingHeader', 'calculating shipping costs', '0000-00-00 00:00:00', '2010-09-28 11:54:19'),
(876, 'frontend/checkout/shipping_costs', 6, 2, 'ShippingLabelDeliveryCountry', 'country of delivery', '0000-00-00 00:00:00', '2010-09-28 11:54:19'),
(877, 'frontend/checkout/shipping_costs', 6, 2, 'ShippingLabelPayment', 'method of payment', '0000-00-00 00:00:00', '2010-09-28 11:54:19'),
(878, 'frontend/checkout/shipping_costs', 6, 2, 'ShipppingLabelDispatch', 'mode of shipment', '0000-00-00 00:00:00', '2010-09-28 11:54:19'),
(879, 'frontend/account/shipping', 6, 2, 'ShippingLinkSend', 'change', '0000-00-00 00:00:00', '2010-09-28 11:54:19'),
(880, 'frontend/checkout/actions', 6, 2, 'CheckoutActionsLinkProceed', 'check out', '0000-00-00 00:00:00', '2010-09-28 11:54:19'),
(881, 'frontend/index/checkout_actions', 6, 2, 'IndexLinkCheckout', 'check out', '0000-00-00 00:00:00', '2010-10-15 17:02:04'),
(882, 'frontend/blog/detail', 6, 2, 'BlogHeaderCrossSelling', 'items that match', '0000-00-00 00:00:00', '2010-09-28 11:54:19'),
(883, 'frontend/checkout/confirm_left', 6, 2, 'ConfirmHeaderBilling', 'billing address', '0000-00-00 00:00:00', '2010-09-28 11:54:19'),
(884, 'frontend/checkout/confirm_left', 6, 2, 'ConfirmSalutationMr', 'Mr', '0000-00-00 00:00:00', '2010-09-28 11:54:19'),
(885, 'frontend/checkout/confirm_left', 6, 2, 'ConfirmLinkChangeBilling', 'change', '0000-00-00 00:00:00', '2010-09-28 11:54:19'),
(886, 'frontend/checkout/confirm_left', 6, 2, 'ConfirmLinkSelectBilling', 'select', '0000-00-00 00:00:00', '2010-09-28 11:54:19'),
(887, 'frontend/checkout/confirm_left', 6, 2, 'ConfirmHeaderShipping', 'shipping address', '0000-00-00 00:00:00', '2010-09-28 11:54:19'),
(888, 'frontend/checkout/confirm_left', 6, 2, 'ConfirmLinkChangeShipping', 'change', '0000-00-00 00:00:00', '2010-09-28 11:54:19'),
(889, 'frontend/checkout/confirm_left', 6, 2, 'ConfirmLinkSelectShipping', 'select', '0000-00-00 00:00:00', '2010-09-28 11:54:19'),
(890, 'frontend/checkout/confirm_left', 6, 2, 'ConfirmHeaderPayment', 'selected method of payment', '0000-00-00 00:00:00', '2010-09-28 11:54:19'),
(891, 'frontend/checkout/confirm_left', 6, 2, 'ConfirmInfoInstantDownload', 'purchase of instant downloads only via debit advice or credit card', '0000-00-00 00:00:00', '2010-09-28 11:54:19'),
(892, 'frontend/checkout/confirm_left', 6, 2, 'ConfirmLinkChangePayment', 'change', '0000-00-00 00:00:00', '2010-09-28 11:54:19'),
(893, 'frontend/account/billing', 6, 2, 'BillingLinkBack', 'back', '0000-00-00 00:00:00', '2010-09-28 11:54:19'),
(894, 'frontend/account/content_right', 6, 2, 'AccountHeaderNavigation', 'my account', '0000-00-00 00:00:00', '2010-09-28 11:54:19'),
(895, 'frontend/ticket/listing', 6, 2, 'TicketTitle', 'ticket system', '0000-00-00 00:00:00', '2010-09-28 11:54:19'),
(896, 'frontend/account/content_right', 6, 2, 'AccountLinkPreviousOrders', 'my order', '0000-00-00 00:00:00', '2010-09-28 11:54:19'),
(897, 'frontend/account/content_right', 6, 2, 'AccountLinkDownloads', 'my instant downloads', '0000-00-00 00:00:00', '2010-09-28 11:54:19'),
(898, 'frontend/account/content_right', 6, 2, 'AccountLinkBillingAddress', 'change billing address', '0000-00-00 00:00:00', '2010-09-28 11:54:19'),
(899, 'frontend/account/content_right', 6, 2, 'AccountLinkShippingAddress', 'change shipping address', '0000-00-00 00:00:00', '2010-09-28 11:54:19'),
(900, 'frontend/account/content_right', 6, 2, 'AccountLinkPayment', 'change method of payment', '0000-00-00 00:00:00', '2010-09-28 11:54:19'),
(901, 'frontend/account/content_right', 6, 2, 'AccountLinkNotepad', 'notepad', '0000-00-00 00:00:00', '2010-09-28 11:54:19'),
(902, 'frontend/account/content_right', 6, 2, 'AccountLinkLogout', 'log out', '0000-00-00 00:00:00', '2010-09-28 11:54:19'),
(903, 'frontend/account/index', 6, 2, 'AccountHeaderWelcome', 'welcome', '0000-00-00 00:00:00', '2010-09-28 11:54:19'),
(904, 'frontend/account/index', 6, 2, 'AccountHeaderInfo', 'This is your account dashboard where you can check your recent account activities', '0000-00-00 00:00:00', '2010-09-28 11:54:19'),
(905, 'frontend/account/success_messages', 6, 2, 'AccountAccountSuccess', 'Registration data has been saved successfully', '0000-00-00 00:00:00', '2010-09-28 11:54:19'),
(906, 'frontend/account/index', 6, 2, 'AccountHeaderBasic', 'user data', '0000-00-00 00:00:00', '2010-09-28 11:54:19'),
(907, 'frontend/account/index', 6, 2, 'AccountLinkChangePassword', 'change password', '0000-00-00 00:00:00', '2010-09-28 11:54:19'),
(908, 'frontend/account/index', 6, 2, 'AccountLinkChangePayment', 'change method of payment', '0000-00-00 00:00:00', '2010-09-28 11:54:19'),
(909, 'frontend/account/index', 6, 2, 'AccountLabelNewPassword', 'new password*:', '0000-00-00 00:00:00', '2010-09-28 11:54:19'),
(910, 'frontend/account/index', 6, 2, 'AccountLabelRepeatPassword', 'repeat password*:', '0000-00-00 00:00:00', '2010-09-28 11:54:19'),
(911, 'frontend/account/index', 6, 2, 'AccountHeaderNewsletter', 'your newletter settings', '0000-00-00 00:00:00', '2010-09-28 11:54:19'),
(912, 'frontend/account/index', 6, 2, 'AccountLabelWantNewsletter', 'Yes, I would like to receive the free {$sShopname} newsletter', '0000-00-00 00:00:00', '2010-10-15 13:25:20'),
(913, 'frontend/account/success_messages', 6, 2, 'AccountPaymentSuccess', 'Your method of payment has been saved successfully.', '0000-00-00 00:00:00', '2010-09-28 11:54:19'),
(914, 'frontend/account/index', 6, 2, 'AccountHeaderPrimaryBilling', 'primary billing address', '0000-00-00 00:00:00', '2010-09-28 11:54:19'),
(915, 'frontend/account/index', 6, 2, 'AccountLinkSelectBilling', 'select', '0000-00-00 00:00:00', '2010-09-28 11:54:19'),
(916, 'frontend/account/index', 6, 2, 'AccountHeaderPrimaryShipping', 'primary shipping address', '0000-00-00 00:00:00', '2010-09-28 11:54:19'),
(917, 'frontend/account/index', 6, 2, 'AccountLinkSelectShipping', 'select', '0000-00-00 00:00:00', '2010-09-28 11:54:19'),
(918, 'frontend/account/orders', 6, 2, 'OrdersHeader', 'sort orders by date', '0000-00-00 00:00:00', '2010-09-28 11:54:19'),
(919, 'frontend/account/downloads', 6, 2, 'DownloadsColumnDate', 'date ', '0000-00-00 00:00:00', '2010-09-28 11:54:19'),
(920, 'frontend/account/orders', 6, 2, 'OrderColumnId', 'order number:', '0000-00-00 00:00:00', '2010-09-28 11:54:19'),
(921, 'frontend/account/orders', 6, 2, 'OrderColumnDispatch', 'mode of shipment', '0000-00-00 00:00:00', '2010-09-28 11:54:19'),
(922, 'frontend/account/orders', 6, 2, 'OrderColumnStatus', 'order status', '0000-00-00 00:00:00', '2010-09-28 11:54:19'),
(923, 'frontend/account/orders', 6, 2, 'OrderColumnActions', 'actions', '0000-00-00 00:00:00', '2010-09-28 11:54:19'),
(924, 'frontend/account/order_item', 6, 2, 'OrderItemInfoNotProcessed', 'Order has not been processed yet', '0000-00-00 00:00:00', '2010-09-28 11:54:19'),
(925, 'frontend/account/order_item', 6, 2, 'OrderActionSlide', 'show/hide', '0000-00-00 00:00:00', '2010-09-28 11:54:19'),
(926, 'frontend/account/downloads', 6, 2, 'DownloadsColumnName', 'item', '0000-00-00 00:00:00', '2010-09-28 11:54:19'),
(927, 'frontend/account/order_item', 6, 2, 'OrderItemColumnQuantity', 'number', '0000-00-00 00:00:00', '2010-09-28 11:54:19'),
(928, 'frontend/account/order_item', 6, 2, 'OrderItemColumnPrice', 'price per unit', '0000-00-00 00:00:00', '2010-09-28 11:54:19'),
(929, 'frontend/account/order_item', 6, 2, 'OrderItemColumnTotal', 'total', '0000-00-00 00:00:00', '2010-09-28 11:54:19'),
(930, 'frontend/account/order_item', 6, 2, 'OrderItemColumnDate', 'From:', '0000-00-00 00:00:00', '2010-09-28 11:54:19'),
(931, 'frontend/account/order_item', 6, 2, 'OrderItemColumnId', 'order number', '0000-00-00 00:00:00', '2010-09-28 11:54:19'),
(932, 'frontend/account/order_item', 6, 2, 'OrderItemColumnDispatch', 'mode of shipment', '0000-00-00 00:00:00', '2010-09-28 11:54:19'),
(933, 'frontend/account/order_item', 6, 2, 'OrderLinkRepeat', 'repeat order', '0000-00-00 00:00:00', '2010-09-28 11:54:19'),
(934, 'frontend/account/order_item', 6, 2, 'OrderItemShippingcosts', 'shipping costs:', '0000-00-00 00:00:00', '2010-09-28 11:54:19'),
(935, 'frontend/account/order_item', 6, 2, 'OrderItemTotal', 'total amount:', '0000-00-00 00:00:00', '2010-09-28 11:54:19'),
(936, 'frontend/account/downloads', 6, 2, 'DownloadsHeader', 'Sort your instant downloads by date', '0000-00-00 00:00:00', '2010-09-28 11:54:19'),
(937, 'frontend/note/index', 6, 2, 'NoteHeadline', 'notepad', '0000-00-00 00:00:00', '2010-09-28 11:54:19'),
(938, 'frontend/note/index', 6, 2, 'NoteText', 'nlichen Favoriten - bis Sie das n&auml', '0000-00-00 00:00:00', '2010-09-28 11:54:19'),
(939, 'frontend/note/index', 6, 2, 'NoteText2', 'Just add the wanted item to the shopping list and {$sShopname} saves your shopping list automatically. In this way you can comfortably get back to all items earmarked on a later visit.', '0000-00-00 00:00:00', '2010-09-28 11:54:19'),
(940, 'frontend/note/index', 6, 2, 'NoteColumnName', 'item', '0000-00-00 00:00:00', '2010-09-28 11:54:19'),
(941, 'frontend/note/index', 6, 2, 'NoteColumnPrice', 'price per unit', '0000-00-00 00:00:00', '2010-09-28 11:54:19'),
(942, 'frontend/checkout/error_messages', 6, 2, 'ConfirmInfoPaymentNotCompatibleWithESD', 'This method of payment is not available for instant downloads', '0000-00-00 00:00:00', '2010-09-28 11:54:19'),
(943, 'frontend/checkout/cart', 6, 2, 'CartTitle', 'shopping cart', '0000-00-00 00:00:00', '2010-09-28 11:54:19'),
(944, 'frontend/checkout/ajax_add_article', 6, 2, 'AjaxAddLabelQuantity', 'number', '0000-00-00 00:00:00', '2010-09-28 11:54:19'),
(945, 'frontend/checkout/ajax_add_article', 6, 2, 'AjaxAddLabelOrdernumber', 'order number', '0000-00-00 00:00:00', '2010-09-28 11:54:19'),
(946, 'frontend/account/logout', 6, 2, 'LogoutInfoFinished', 'You have been logged out successfully!', '0000-00-00 00:00:00', '2010-09-28 11:54:19'),
(947, 'frontend/account/logout', 6, 2, 'LogoutLinkHomepage', 'go to start page', '0000-00-00 00:00:00', '2010-09-28 11:54:19'),
(948, 'frontend/checkout/ajax_cart', 6, 2, 'AjaxCartInfoEmpty', 'Your shopping cart is empty', '0000-00-00 00:00:00', '2010-09-28 11:54:19'),
(949, 'frontend/checkout/ajax_cart', 6, 2, 'AjaxCartLinkBasket', 'open shopping cart', '0000-00-00 00:00:00', '2010-09-28 11:54:19'),
(950, 'frontend/search/paging', 6, 2, 'ListingSortRelevance', 'relevance', '0000-00-00 00:00:00', '2010-09-28 11:54:19'),
(951, 'frontend/search/paging', 6, 2, 'ListingLabelSort', 'sorting', '0000-00-00 00:00:00', '2010-09-28 11:54:19'),
(952, 'frontend/newsletter/index', 6, 2, 'sNewsletterOptionSubscribe', 'subscribe to newsletter', '0000-00-00 00:00:00', '2010-09-28 11:54:19'),
(953, 'frontend/newsletter/index', 6, 2, 'sNewsletterOptionUnsubscribe', 'unsubscribe from newsletter', '0000-00-00 00:00:00', '2010-09-28 11:54:19'),
(954, 'frontend/newsletter/index', 6, 2, 'sNewsletterLabelMail', 'your email:', '0000-00-00 00:00:00', '2010-10-15 13:18:53'),
(955, 'frontend/newsletter/index', 6, 2, 'sNewsletterInfo', 'Subscribe to our periodical newsletter now and be the first to receive information on new items and offers.<br /> Needless to say, the newsletter can be unsubscribed via a link in the email or on this site.', '0000-00-00 00:00:00', '2010-09-28 11:54:19'),
(956, 'frontend/newsletter/index', 6, 2, 'sNewsletterButton', 'save', '0000-00-00 00:00:00', '2010-09-28 11:54:19'),
(957, 'frontend/listing/box_article', 6, 2, 'ListingBoxTip', 'tip', '0000-00-00 00:00:00', '2010-09-28 11:54:19'),
(958, 'frontend/listing/box_article', 6, 2, 'ListingBoxInstantDownload', 'available as instant download', '0000-00-00 00:00:00', '2010-09-28 11:54:19'),
(959, 'frontend/detail/liveshopping/ticker/countdown', 6, 2, 'LiveTickerCurrentPrice', 'current price', '0000-00-00 00:00:00', '2010-09-28 11:54:19'),
(960, 'frontend/detail/liveshopping/ticker/timeline', 6, 2, 'LiveTimeDays', 'days', '0000-00-00 00:00:00', '2010-09-28 11:54:19'),
(961, 'frontend/detail/liveshopping/ticker/timeline', 6, 2, 'LiveTimeHours', 'hours', '0000-00-00 00:00:00', '2010-09-28 11:54:19'),
(962, 'frontend/detail/liveshopping/ticker/timeline', 6, 2, 'LiveTimeMinutes', 'minutes', '0000-00-00 00:00:00', '2010-09-28 11:54:19'),
(963, 'frontend/detail/liveshopping/ticker/timeline', 6, 2, 'LiveTimeSeconds', 'seconds', '0000-00-00 00:00:00', '2010-09-28 11:54:19'),
(964, 'frontend/register/steps', 6, 2, 'CheckoutStepBasketNumber', '1', '0000-00-00 00:00:00', '2010-09-28 11:54:19'),
(965, 'frontend/register/steps', 6, 2, 'CheckoutStepBasketText', 'shopping cart', '0000-00-00 00:00:00', '2010-09-28 11:54:19'),
(966, 'frontend/search/fuzzy', 6, 2, 'SearchFuzzyHeadlineEmpty', '"Unfortunately no items could be found for ""{$sRequests.sSearchOrginal}""<"', '0000-00-00 00:00:00', '2010-09-28 11:54:19'),
(967, 'frontend/register/steps', 6, 2, 'CheckoutStepRegisterNumber', '2', '0000-00-00 00:00:00', '2010-09-28 11:54:19'),
(968, 'frontend/register/steps', 6, 2, 'CheckoutStepRegisterText', 'registration', '0000-00-00 00:00:00', '2010-09-28 11:54:19'),
(969, 'frontend/index/index', 6, 2, 'IndexRealizedWith', 'realized with', '0000-00-00 00:00:00', '2010-09-28 11:54:19'),
(970, 'frontend/index/menu_left', 6, 2, 'MenuLeftHeading', 'information', '0000-00-00 00:00:00', '2010-09-28 11:54:19'),
(971, 'frontend/widgets/advanced_menu/index', 6, 2, 'IndexLinkHome', 'home', '0000-00-00 00:00:00', '2010-09-28 11:54:19'),
(972, 'frontend/widgets/compare/index', 6, 2, 'ListingBoxLinkCompare', 'compare', '0000-00-00 00:00:00', '2010-10-17 19:01:26'),
(973, 'frontend/search/fuzzy_left', 6, 2, 'SearchLeftHeadlinePrice', 'price', '0000-00-00 00:00:00', '2010-09-28 11:54:19'),
(974, 'frontend/search/fuzzy_left', 6, 2, 'SearchLeftHeadlineSupplier', 'producer', '0000-00-00 00:00:00', '2010-09-28 11:54:19'),
(975, 'frontend/listing/box_similar', 6, 2, 'SimilarBoxLinkCompare', 'compare', '0000-00-00 00:00:00', '2010-09-28 11:54:19'),
(976, 'frontend/tellafriend/index', 6, 2, 'TellAFriendHeadline', 'Recommend.', '0000-00-00 00:00:00', '2010-10-17 18:49:19'),
(977, 'frontend/tellafriend/index', 6, 2, 'TellAFriendLabelName', 'your name', '0000-00-00 00:00:00', '2010-09-28 11:54:19'),
(978, 'frontend/tellafriend/index', 6, 2, 'TellAFriendLabelMail', 'your email*:', '0000-00-00 00:00:00', '2010-09-28 11:54:19'),
(979, 'frontend/tellafriend/index', 6, 2, 'TellAFriendLabelFriendsMail', 'recipient''s email', '0000-00-00 00:00:00', '2010-09-28 11:54:19'),
(980, 'frontend/tellafriend/index', 6, 2, 'TellAFriendLabelComment', 'your comment:', '0000-00-00 00:00:00', '2010-09-28 11:54:19'),
(981, 'frontend/tellafriend/index', 6, 2, 'TellAFriendLabelCaptcha', 'captcha', '0000-00-00 00:00:00', '2010-09-28 11:54:19'),
(982, 'frontend/tellafriend/index', 6, 2, 'TellAFriendLinkBack', 'back', '0000-00-00 00:00:00', '2010-09-28 11:54:19'),
(983, 'frontend/tellafriend/index', 6, 2, 'TellAFriendActionSubmit', 'send', '0000-00-00 00:00:00', '2010-09-28 11:54:19'),
(984, 'frontend/forms/elements', 6, 2, 'SupportLabelCaptcha', 'Please type in this number sequence in the upcoming input box', '0000-00-00 00:00:00', '2010-09-28 11:54:19'),
(985, 'frontend/forms/elements', 6, 2, 'SupportLabelInfoFields', 'All boxes marked with * must be filled out', '0000-00-00 00:00:00', '2010-09-28 11:54:19'),
(986, 'frontend/forms/elements', 6, 2, 'SupportActionSubmit', 'send', '0000-00-00 00:00:00', '2010-09-28 11:54:19'),
(987, 'frontend/compare/index', 6, 2, 'CompareInfoCount', 'compare items', '0000-00-00 00:00:00', '2010-09-28 11:54:19'),
(988, 'frontend/compare/col_description', 6, 2, 'CompareColumnPicture', 'picture', '0000-00-00 00:00:00', '2010-09-28 11:54:19'),
(989, 'frontend/compare/col_description', 6, 2, 'CompareColumnName', 'name', '0000-00-00 00:00:00', '2010-09-28 11:54:19'),
(990, 'frontend/compare/col_description', 6, 2, 'CompareColumnRating', 'rating', '0000-00-00 00:00:00', '2010-09-28 11:54:19'),
(991, 'frontend/compare/col_description', 6, 2, 'CompareColumnDescription', 'description', '0000-00-00 00:00:00', '2010-09-28 11:54:19'),
(992, 'frontend/compare/col_description', 6, 2, 'CompareColumnPrice', 'price', '0000-00-00 00:00:00', '2010-09-28 11:54:19'),
(993, 'frontend/compare/overlay', 6, 2, 'CompareActionClose', 'close', '0000-00-00 00:00:00', '2010-09-28 11:54:19'),
(994, 'frontend/detail/comment', 6, 2, 'DetailCommentInfoSuccess', 'Thank you for sharing your review with us! Your review will be published after being checked.', '0000-00-00 00:00:00', '2010-09-28 11:54:19'),
(995, 'frontend/detail/comment', 6, 2, 'DetailCommentInfoAverageRate', 'average customer rating:', '0000-00-00 00:00:00', '2010-09-28 11:54:19'),
(996, 'frontend/detail/comment', 6, 2, 'DetailCommentInfoRating', 'based on {$sArticle.sVoteAverange.count} customer reviews', '0000-00-00 00:00:00', '2010-09-28 11:54:19'),
(997, 'frontend/detail/comment', 6, 2, 'DetailCommentInfoFrom', 'From:', '0000-00-00 00:00:00', '2010-09-28 11:54:19'),
(998, 'frontend/checkout/ajax_add_article', 6, 2, 'AjaxAddErrorHeader', 'Item could not be added to shopping cart', '0000-00-00 00:00:00', '2010-09-28 11:54:19'),
(999, 'frontend/detail/data', 6, 2, 'DetailDataInfoSavePercent', 'saved', '0000-00-00 00:00:00', '2010-09-28 11:54:19'),
(1000, 'frontend/detail/related', 6, 2, 'DetailRelatedHeader', 'Related items:', '0000-00-00 00:00:00', '2010-09-28 11:54:19'),
(1001, 'frontend/account/index', 6, 2, 'AccountTitle', 'customer account', '0000-00-00 00:00:00', '2010-09-28 11:54:19'),
(1002, 'frontend/note/item', 6, 2, 'NoteLinkDetails', 'more', '0000-00-00 00:00:00', '2010-09-28 11:54:19'),
(1003, 'frontend/note/item', 6, 2, 'NoteLinkCompare', 'compare', '0000-00-00 00:00:00', '2010-09-28 11:54:19'),
(1004, 'frontend/note/item', 6, 2, 'NoteInfoId', 'order number', '0000-00-00 00:00:00', '2010-09-28 11:54:19'),
(1005, 'frontend/note/item', 6, 2, 'NoteLinkDelete', 'delete', '0000-00-00 00:00:00', '2010-09-28 11:54:19'),
(1006, 'frontend/note/item', 6, 2, 'NoteLinkBuy', 'buy', '0000-00-00 00:00:00', '2010-09-28 11:54:19'),
(1007, 'frontend/detail/buy', 6, 2, 'DetailBuyValueSelect', 'Please select?', '0000-00-00 00:00:00', '2010-09-28 11:54:19'),
(1008, 'frontend/detail/data', 6, 2, 'DetailDataInfoContent', 'content', '0000-00-00 00:00:00', '2010-09-28 11:54:19'),
(1009, 'frontend/detail/data', 6, 2, 'DetailDataInfoBaseprice', 'base price', '0000-00-00 00:00:00', '2010-09-28 11:54:19'),
(1010, 'frontend/compare/added', 6, 2, 'CompareHeaderTitle', 'compare items', '0000-00-00 00:00:00', '2010-09-28 11:54:19'),
(1011, 'frontend/compare/added', 6, 2, 'LoginActionClose', 'close', '0000-00-00 00:00:00', '2010-09-28 11:54:19'),
(1012, 'frontend/detail/article_config_upprice', 6, 2, 'DetailConfigActionSubmit', 'update now', '0000-00-00 00:00:00', '2010-09-28 11:54:19'),
(1013, 'frontend/newsletter/listing', 6, 2, 'NewsletterListingLinkDetails', '[more]', '0000-00-00 00:00:00', '2010-09-28 11:54:19'),
(1014, 'frontend/newsletter/detail', 6, 2, 'NewsletterDetailLinkBack', 'back', '0000-00-00 00:00:00', '2010-09-28 11:54:19'),
(1015, 'frontend/newsletter/detail', 6, 2, 'NewsletterDetailLinkNewWindow', 'Open newsletter in new window', '0000-00-00 00:00:00', '2010-09-28 11:54:19'),
(1016, 'frontend/blog/detail', 6, 2, 'BlogInfoCategories', 'category classification', '0000-00-00 00:00:00', '2010-09-28 11:54:19'),
(1017, 'frontend/blog/detail', 6, 2, 'BlogLinkComments', 'go to the comments on this item', '0000-00-00 00:00:00', '2010-09-28 11:54:19'),
(1018, 'frontend/blog/detail', 6, 2, 'BlogInfoComments', 'comments', '0000-00-00 00:00:00', '2010-09-28 11:54:19'),
(1019, 'frontend/blog/detail', 6, 2, 'BlogHeaderRating', 'rating', '0000-00-00 00:00:00', '2010-09-28 11:54:19'),
(1020, 'frontend/blog/box', 6, 2, 'BlogInfoRating', 'rating', '0000-00-00 00:00:00', '2010-09-28 11:54:19'),
(1021, 'frontend/blog/detail', 6, 2, 'BlogInfoFrom', 'from', '0000-00-00 00:00:00', '2010-09-28 11:54:19'),
(1022, 'frontend/blog/bookmarks', 6, 2, 'BookmarkTwitter', 'Twitter', '0000-00-00 00:00:00', '2010-09-28 11:54:19'),
(1023, 'frontend/blog/bookmarks', 6, 2, 'BookmarkFacebook', 'Facebook', '0000-00-00 00:00:00', '2010-09-28 11:54:19'),
(1024, 'frontend/blog/bookmarks', 6, 2, 'BookmarkDelicious', 'Delicious', '0000-00-00 00:00:00', '2010-09-28 11:54:19'),
(1025, 'frontend/blog/bookmarks', 6, 2, 'BookmarkDiggit', 'Diggit', '0000-00-00 00:00:00', '2010-09-28 11:54:19'),
(1026, 'frontend/blog/comments', 6, 2, 'BlogHeaderWriteComment', 'write comment', '0000-00-00 00:00:00', '2010-09-28 11:54:19'),
(1027, 'frontend/blog/comments', 6, 2, 'BlogInfoFields', 'All boxes marked with * must be filled out', '0000-00-00 00:00:00', '2010-09-28 11:54:19'),
(1028, 'frontend/blog/comments', 6, 2, 'BlogLabelName', 'your name', '0000-00-00 00:00:00', '2010-09-28 11:54:19'),
(1029, 'frontend/blog/comments', 6, 2, 'BlogLabelMail', 'your email', '0000-00-00 00:00:00', '2010-09-28 11:54:19'),
(1030, 'frontend/blog/comments', 6, 2, 'BlogLabelRating', 'rating', '0000-00-00 00:00:00', '2010-09-28 11:54:19'),
(1031, 'frontend/blog/comments', 6, 2, 'rate10', '10 excellent', '0000-00-00 00:00:00', '2010-09-28 11:54:19'),
(1032, 'frontend/blog/comments', 6, 2, 'rate9', '9', '0000-00-00 00:00:00', '2010-09-28 11:54:19'),
(1033, 'frontend/blog/comments', 6, 2, 'rate8', '8', '0000-00-00 00:00:00', '2010-09-28 11:54:19'),
(1034, 'frontend/blog/comments', 6, 2, 'rate7', '7', '0000-00-00 00:00:00', '2010-09-28 11:54:19'),
(1035, 'frontend/blog/comments', 6, 2, 'rate6', '6', '0000-00-00 00:00:00', '2010-09-28 11:54:19'),
(1036, 'frontend/blog/comments', 6, 2, 'rate5', '5', '0000-00-00 00:00:00', '2010-09-28 11:54:19'),
(1037, 'frontend/blog/comments', 6, 2, 'rate4', '4', '0000-00-00 00:00:00', '2010-09-28 11:54:19'),
(1038, 'frontend/blog/comments', 6, 2, 'rate3', '3', '0000-00-00 00:00:00', '2010-09-28 11:54:19'),
(1039, 'frontend/blog/comments', 6, 2, 'rate2', '2', '0000-00-00 00:00:00', '2010-09-28 11:54:19'),
(1040, 'frontend/blog/comments', 6, 2, 'rate1', '1 miserable', '0000-00-00 00:00:00', '2010-09-28 11:54:19'),
(1041, 'frontend/blog/comments', 6, 2, 'BlogLabelSummary', 'summary', '0000-00-00 00:00:00', '2010-09-28 11:54:19'),
(1042, 'frontend/blog/comments', 6, 2, 'BlogLabelComment', 'your opinion', '0000-00-00 00:00:00', '2010-09-28 11:54:19'),
(1043, 'frontend/blog/comments', 6, 2, 'BlogLabelCaptcha', 'Please type in this number sequence in the upcoming input box', '0000-00-00 00:00:00', '2010-09-28 11:54:19'),
(1044, 'frontend/blog/comments', 6, 2, 'BlogLinkSaveComment', 'save', '0000-00-00 00:00:00', '2010-09-28 11:54:19'),
(1045, 'frontend/checkout/cart', 6, 2, 'CartInfoFreeShipping', 'free shipping', '0000-00-00 00:00:00', '2010-09-28 11:54:19'),
(1046, 'frontend/checkout/cart', 6, 2, 'CartInfoFreeShippingDifference', 'Place at least another {$sShippingcostsDifference|currency} of products in your shopping cart for free shipping! ', '0000-00-00 00:00:00', '2010-09-28 11:54:19'),
(1047, 'frontend/checkout/cart_header', 6, 2, 'CartColumnName', 'item', '0000-00-00 00:00:00', '2010-09-28 11:54:19'),
(1048, 'frontend/checkout/cart_header', 6, 2, 'CartColumnAvailability', 'availability', '0000-00-00 00:00:00', '2010-09-28 11:54:19'),
(1049, 'frontend/checkout/cart_header', 6, 2, 'CartColumnPrice', 'price per unit', '0000-00-00 00:00:00', '2010-09-28 11:54:19'),
(1050, 'backend/error/index', 6, 2, 'ErrorIndexTitle', 'error', '0000-00-00 00:00:00', '2010-09-28 11:54:19'),
(1051, 'frontend/checkout/cart_item', 6, 2, 'CartItemInfoId', 'order number', '0000-00-00 00:00:00', '2010-09-28 11:54:19'),
(1052, 'frontend/checkout/cart_item', 6, 2, 'CartItemLinkDelete', 'delete', '0000-00-00 00:00:00', '2010-09-28 11:54:19'),
(1053, 'frontend/checkout/cart_footer_left', 6, 2, 'CheckoutFooterActionAddVoucher', 'add', '0000-00-00 00:00:00', '2010-09-28 11:54:19'),
(1054, 'frontend/checkout/cart_footer_left', 6, 2, 'CheckoutFooterLabelAddArticle', 'add item', '0000-00-00 00:00:00', '2010-09-28 11:54:19'),
(1055, 'frontend/checkout/cart_footer_left', 6, 2, 'CheckoutFooterIdLabelInline', 'order number', '0000-00-00 00:00:00', '2010-09-28 11:54:19'),
(1056, 'frontend/checkout/cart_footer_left', 6, 2, 'CheckoutFooterActionAdd', 'add', '0000-00-00 00:00:00', '2010-09-28 11:54:19'),
(1057, 'frontend/checkout/cart_footer', 6, 2, 'CartFooterSum', 'total', '0000-00-00 00:00:00', '2010-09-28 11:54:19'),
(1058, 'frontend/checkout/cart_footer', 6, 2, 'CartFooterShipping', 'shipping costs', '0000-00-00 00:00:00', '2010-09-28 11:54:19'),
(1059, 'frontend/checkout/cart_footer', 6, 2, 'CartFooterTotal', 'total', '0000-00-00 00:00:00', '2010-09-28 11:54:19'),
(1060, 'frontend/checkout/actions', 6, 2, 'CheckoutActionsLinkLast', 'continue shopping', '0000-00-00 00:00:00', '2010-09-28 11:54:19'),
(1061, 'frontend/checkout/confirm', 6, 2, 'ConfirmHeader', 'Please check your order once again before you send it in.', '0000-00-00 00:00:00', '2010-09-28 11:54:19'),
(1062, 'frontend/checkout/confirm', 6, 2, 'ConfirmInfoChange', 'nnen Sie jetzt noch &auml', '0000-00-00 00:00:00', '2010-09-28 11:54:19'),
(1063, 'frontend/checkout/confirm', 6, 2, 'ConfirmInfoPaymentData', '<strong> our bank account: </strong> Volksbank Musterstadt bank code: account number:', '0000-00-00 00:00:00', '2010-09-28 11:54:19'),
(1064, 'frontend/checkout/confirm_header', 6, 2, 'CheckoutColumnTax', 'VAT included', '0000-00-00 00:00:00', '2010-09-28 11:54:19'),
(1065, 'frontend/error/index', 6, 2, 'ErrorIndexTitle', 'error', '0000-00-00 00:00:00', '2010-10-15 13:26:59'),
(1066, 'frontend/checkout/confirm', 6, 2, 'ConfirmLabelComment', 'comment:', '0000-00-00 00:00:00', '2010-09-28 11:54:19'),
(1067, 'frontend/checkout/confirm', 6, 2, 'ConfirmTerms', '"">AGB</span></a> Ihres Shops gelesen und bin mit deren Geltung einverstanden."', '0000-00-00 00:00:00', '2010-10-07 23:31:45'),
(1068, 'frontend/checkout/confirm', 6, 2, 'ConfirmTextOrderDefault', 'If you pay via bank collection or credit card the due amount will be withdrawn from your bank account five days after you place your order.', '0000-00-00 00:00:00', '2010-09-28 11:54:19'),
(1069, 'frontend/checkout/confirm', 6, 2, 'ConfirmActionSubmit', 'complete order', '0000-00-00 00:00:00', '2010-10-16 16:51:57'),
(1070, 'frontend/account/password', 6, 2, 'PasswordHeader', 'Forgot your password? Here you can have a new password emailed to you.', '0000-00-00 00:00:00', '2010-09-28 11:54:19'),
(1071, 'frontend/account/password', 6, 2, 'PasswordLabelMail', 'your email:', '0000-00-00 00:00:00', '2010-09-28 11:54:19'),
(1072, 'frontend/account/password', 6, 2, 'PasswordText', 'We will send you a new  password generated randomly, which you can change in the user area.', '0000-00-00 00:00:00', '2010-09-28 11:54:19'),
(1073, 'frontend/account/password', 6, 2, 'PasswordLinkBack', 'back', '0000-00-00 00:00:00', '2010-09-28 11:54:19'),
(1074, 'frontend/detail/bundle/box_bundle', 6, 2, 'BundleHeader', 'Save now with our bundle-offers', '0000-00-00 00:00:00', '2010-09-28 11:54:19'),
(1075, 'frontend/detail/bundle/box_bundle', 6, 2, 'BundleActionAdd', 'In den Warenkorb', '0000-00-00 00:00:00', '2010-09-28 11:54:19'),
(1076, 'frontend/detail/bundle/box_bundle', 6, 2, 'BundleInfoPriceForAll', 'price for all', '0000-00-00 00:00:00', '2010-09-28 11:54:19'),
(1077, 'frontend/detail/bundle/box_bundle', 6, 2, 'BundleInfoPriceInstead', 'instead of', '0000-00-00 00:00:00', '2010-09-28 11:54:19'),
(1078, 'frontend/detail/bundle/box_bundle', 6, 2, 'BundleInfoPercent', '% discount', '0000-00-00 00:00:00', '2010-09-28 11:54:19'),
(1079, 'frontend/detail/description', 6, 2, 'DetailDescriptionHeaderDownloads', 'available downloads:', '0000-00-00 00:00:00', '2010-09-28 11:54:19'),
(1080, 'frontend/detail/description', 6, 2, 'DetailDescriptionLinkDownload', 'download', '0000-00-00 00:00:00', '2010-09-28 11:54:19'),
(1081, 'frontend/checkout/premiums', 6, 2, 'PremiumsHeader', 'Please choose between the following premiums', '0000-00-00 00:00:00', '2010-09-28 11:54:19'),
(1082, 'frontend/newsletter/index', 6, 2, 'NewsletterTitle', 'newsletter', '0000-00-00 00:00:00', '2010-09-28 11:54:19'),
(1083, 'frontend/checkout/premiums', 6, 2, 'PremiumActionAdd', 'select a premium', '0000-00-00 00:00:00', '2010-09-28 11:54:19'),
(1084, 'frontend/checkout/actions', 6, 2, 'CheckoutActionsLinkOffer', 'request offer', '0000-00-00 00:00:00', '2010-09-28 11:54:19'),
(1085, 'frontend/newsletter/index', 6, 2, 'NewsletterRegisterHeadline', 'subscribe to newsletter', '0000-00-00 00:00:00', '2010-09-28 11:54:19'),
(1086, 'frontend/account/login', 6, 2, 'LoginHeaderNew', 'It''s your first time on', '0000-00-00 00:00:00', '2010-09-28 11:54:19'),
(1087, 'frontend/account/login', 6, 2, 'LoginInfoNew', 'No worries, a shop order is easy and safe. Registration will take only a few minutes.', '0000-00-00 00:00:00', '2010-09-28 11:54:19'),
(1088, 'frontend/account/login', 6, 2, 'LoginLinkRegister', 'new customer', '0000-00-00 00:00:00', '2010-09-28 11:54:19'),
(1089, 'frontend/account/login', 6, 2, 'LoginHeaderExistingCustomer', 'You already have an account', '0000-00-00 00:00:00', '2010-09-28 11:54:19'),
(1090, 'frontend/account/login', 6, 2, 'LoginHeaderFields', 'Log in with your email and password', '0000-00-00 00:00:00', '2010-09-28 11:54:19'),
(1091, 'frontend/account/login', 6, 2, 'LoginLabelMail', 'your email:', '0000-00-00 00:00:00', '2010-09-28 11:54:19'),
(1092, 'frontend/account/login', 6, 2, 'LoginLabelPassword', 'your password:', '0000-00-00 00:00:00', '2010-09-28 11:54:19'),
(1093, 'frontend/account/login', 6, 2, 'LoginLinkLogon', 'log in ', '0000-00-00 00:00:00', '2010-09-28 11:54:19'),
(1094, 'frontend/account/login', 6, 2, 'LoginLinkLostPassword', 'Forgot your password?', '0000-00-00 00:00:00', '2010-09-28 11:54:19'),
(1095, 'frontend/index/checkout_actions', 6, 2, 'IndexLinkAccount', 'my account', '0000-00-00 00:00:00', '2010-09-28 11:54:19'),
(1096, 'frontend/checkout/cart', 6, 2, 'CartInfoEmpty', 'Your shopping cart is empty', '0000-00-00 00:00:00', '2010-09-28 11:54:19'),
(1097, 'frontend/account/index', 6, 2, 'AccountLinkChangeBilling', 'change billing address', '0000-00-00 00:00:00', '2010-09-28 11:54:19'),
(1098, 'frontend/account/index', 6, 2, 'AccountLinkChangeShipping', 'change shipping address', '0000-00-00 00:00:00', '2010-09-28 11:54:19');
INSERT INTO `s_core_snippets` (`id`, `namespace`, `shopID`, `localeID`, `name`, `value`, `created`, `updated`) VALUES
(1099, 'frontend/account/order_item', 6, 2, 'OrderItemColumnName', 'item', '0000-00-00 00:00:00', '2010-09-28 11:54:19'),
(1100, 'frontend/account/orders', 6, 2, 'OrderColumnDate', 'date', '0000-00-00 00:00:00', '2010-09-28 11:54:19'),
(1101, 'frontend/account/downloads', 6, 2, 'DownloadsColumnLink', 'download', '0000-00-00 00:00:00', '2010-09-28 11:54:19'),
(1102, 'frontend/account/content_right', 6, 2, 'sTicketSysSupportManagement', 'support management', '0000-00-00 00:00:00', '2010-09-28 11:54:19'),
(1103, 'frontend/account/downloads', 6, 2, 'DownloadsSerialnumber', 'your serial number:', '0000-00-00 00:00:00', '2010-09-28 11:54:19'),
(1104, 'frontend/account/downloads', 6, 2, 'DownloadsLink', 'download', '0000-00-00 00:00:00', '2010-09-28 11:54:19'),
(1105, 'frontend/account/downloads', 6, 2, 'DownloadsInfoAccessDenied', 'This download is not available for you.', '0000-00-00 00:00:00', '2010-09-28 11:54:19'),
(1106, 'frontend/account/downloads', 6, 2, 'DownloadsInfoNotFound', 'no downloads available', '0000-00-00 00:00:00', '2010-09-28 11:54:19'),
(1107, 'frontend/account/downloads', 6, 2, 'DownloadsInfoEmpty', 'You have yet not bought any items via instant download', '0000-00-00 00:00:00', '2010-09-28 11:54:19'),
(1108, 'frontend/account/index', 6, 2, 'AccountHeaderPayment', 'selected method of payment', '0000-00-00 00:00:00', '2010-09-28 11:54:19'),
(1109, 'frontend/account/index', 6, 2, 'AccountInfoInstantDownloads', 'purchase of instant+I424 downloads only via debit advice or credit card', '0000-00-00 00:00:00', '2010-09-28 11:54:19'),
(1110, 'frontend/account/index', 6, 2, 'AccountSalutationMr', 'Mr', '0000-00-00 00:00:00', '2010-09-28 11:54:19'),
(1111, 'frontend/account/shipping', 6, 2, 'ShippingLinkBack', 'back', '0000-00-00 00:00:00', '2010-09-28 11:54:19'),
(1112, 'frontend/account/select_shipping', 6, 2, 'SelectShippingHeader', 'select', '0000-00-00 00:00:00', '2010-09-28 11:54:19'),
(1113, 'frontend/account/select_address', 6, 2, 'SelectAddressSubmit', 'select', '0000-00-00 00:00:00', '2010-09-28 11:54:19'),
(1114, 'frontend/account/select_address', 6, 2, 'SelectAddressSalutationMs', 'Ms', '0000-00-00 00:00:00', '2010-09-28 11:54:19'),
(1115, 'frontend/account/select_shipping', 6, 2, 'SelectShippingLinkBack', 'back', '0000-00-00 00:00:00', '2010-09-28 11:54:19'),
(1116, 'frontend/account/payment', 6, 2, 'PaymentLinkBack', 'back', '0000-00-00 00:00:00', '2010-09-28 11:54:19'),
(1117, 'frontend/account/index', 6, 2, 'AccountSalutationMs', 'Ms', '0000-00-00 00:00:00', '2010-09-28 11:54:19'),
(1118, 'frontend/checkout/cart_header', 6, 2, 'CartColumnQuantity', 'number', '0000-00-00 00:00:00', '2010-09-28 11:54:19'),
(1119, 'frontend/checkout/cart_header', 6, 2, 'CartColumnTotal', 'total', '0000-00-00 00:00:00', '2010-09-28 11:54:19'),
(1120, 'frontend/plugins/trusted_shops/logo', 6, 2, 'WidgetsTrustedLogo', 'Trusted Shops seal of quality - Please check validity here!', '0000-00-00 00:00:00', '2010-09-28 11:54:19'),
(1121, 'frontend/plugins/trusted_shops/logo', 6, 2, 'WidgetsTrustedLogoText', '{$this->config(''sShopname'')} is validated by trusted shops', '0000-00-00 00:00:00', '2010-10-17 19:02:20'),
(1122, 'frontend/checkout/finish', 6, 2, 'FinishHeaderThankYou', 'Thank you for your order from', '0000-00-00 00:00:00', '2010-09-28 11:54:19'),
(1123, 'frontend/checkout/finish', 6, 2, 'FinishInfoConfirmationMail', 'We have sent you a fulfilment confirmation to your email.', '0000-00-00 00:00:00', '2010-09-28 11:54:19'),
(1124, 'frontend/checkout/finish', 6, 2, 'FinishInfoPrintOrder', 'We advise you to print the fulfilment confirmation below.', '0000-00-00 00:00:00', '2010-09-28 11:54:19'),
(1125, 'frontend/checkout/finish', 6, 2, 'FinishLinkPrint', 'Print fulfilment confirmation now!', '0000-00-00 00:00:00', '2010-09-28 11:54:19'),
(1126, 'frontend/checkout/finish', 6, 2, 'FinishHeaderItems', 'information on your order:', '0000-00-00 00:00:00', '2010-09-28 11:54:19'),
(1127, 'frontend/checkout/finish', 6, 2, 'FinishInfoId', 'order number:', '0000-00-00 00:00:00', '2010-09-28 11:54:19'),
(1128, 'frontend/search/paging', 6, 2, 'ListingSortName', 'product description', '0000-00-00 00:00:00', '2010-09-28 11:54:19'),
(1129, 'frontend/account/order_item', 6, 2, 'OrderInfoNoDispatch', 'not available', '0000-00-00 00:00:00', '2010-09-28 11:54:19'),
(1130, 'frontend/account/order_item', 6, 2, 'OrderItemInfoInProgress', 'Order is in process', '0000-00-00 00:00:00', '2010-09-28 11:54:19'),
(1131, 'frontend/account/order_item', 6, 2, 'OrderItemInfoShipped', 'Order has been shipped', '0000-00-00 00:00:00', '2010-09-28 11:54:19'),
(1132, 'frontend/account/order_item', 6, 2, 'OrderItemInfoPartiallyShipped', 'Order has been shipped in part', '0000-00-00 00:00:00', '2010-09-28 11:54:19'),
(1133, 'frontend/account/order_item', 6, 2, 'OrderItemInfoCanceled', 'Order has been cancelled', '0000-00-00 00:00:00', '2010-09-28 11:54:19'),
(1134, 'frontend/account/order_item', 6, 2, 'OrderItemInfoBundle', 'bundle discount', '0000-00-00 00:00:00', '2010-09-28 11:54:19'),
(1135, 'frontend/account/order_item', 6, 2, 'OrderItemInfoInstantDownload', 'download now', '0000-00-00 00:00:00', '2010-09-28 11:54:19'),
(1136, 'frontend/account/order_item', 6, 2, 'OrderItemInfoFree', 'free of charge', '0000-00-00 00:00:00', '2010-09-28 11:54:19'),
(1137, 'frontend/account/order_item', 6, 2, 'OrderItemColumnTracking', 'package tracking:', '0000-00-00 00:00:00', '2010-09-28 11:54:19'),
(1138, 'frontend/account/order_item', 6, 2, 'OrderItemNetTotal', 'net total:', '0000-00-00 00:00:00', '2010-09-28 11:54:19'),
(1139, 'frontend/account/orders', 6, 2, 'OrdersInfoEmpty', 'You have not yet placed an order.', '0000-00-00 00:00:00', '2010-09-28 11:54:19'),
(1140, 'frontend/account/ajax_logout', 6, 2, 'AccountLogoutHeader', 'Logout successful!', '0000-00-00 00:00:00', '2010-09-28 11:54:19'),
(1141, 'frontend/account/ajax_logout', 6, 2, 'AccountLogoutText', 'You have been logged out successfully!', '0000-00-00 00:00:00', '2010-09-28 11:54:19'),
(1142, 'frontend/account/password', 6, 2, 'PasswordInfoSuccess', 'Your new password has been sent to you', '0000-00-00 00:00:00', '2010-09-28 11:54:19'),
(1143, 'frontend/custom/right.tpl', 6, 2, 'CustomTextContact', '<strong>demo shop<br /> </strong><br /> fill in your contact information', '0000-00-00 00:00:00', '2010-09-28 11:54:19'),
(1144, 'frontend/checkout/cart_item', 6, 2, 'CartItemInfoFree', 'Free of charge!', '0000-00-00 00:00:00', '2010-09-28 11:54:19'),
(1145, 'frontend/checkout/cart_item', 6, 2, 'CartItemInfoPremium', 'As a thank you we add this item to your order for free.', '0000-00-00 00:00:00', '2010-09-28 11:54:19'),
(1146, 'frontend/checkout/cart_item', 6, 2, 'CartItemInfoBundle', 'bundle discount', '0000-00-00 00:00:00', '2010-09-28 11:54:19'),
(1147, 'frontend/account/select_billing', 6, 2, 'SelectBillingLinkBack', 'back', '0000-00-00 00:00:00', '2010-09-28 11:54:19'),
(1148, 'frontend/account/select_billing', 6, 2, 'SelectBillingHeader', 'select', '0000-00-00 00:00:00', '2010-09-28 11:54:19'),
(1149, 'frontend/account/select_billing', 6, 2, 'SelectBillingInfoEmpty', 'After you have placed your first order, you can access former billing addresses here.', '0000-00-00 00:00:00', '2010-09-28 11:54:19'),
(1150, 'frontend/account/select_shipping', 6, 2, 'SelectShippingInfoEmpty', 'After you have placed your first order, you can access former shipping addresses here.', '0000-00-00 00:00:00', '2010-09-28 11:54:19'),
(1151, 'frontend/blog/atom', 6, 2, 'BlogAtomFeedHeader', 'blog / Atom Feed', '0000-00-00 00:00:00', '2010-09-28 11:54:19'),
(1152, 'frontend/blog/comments', 6, 2, 'BlogInfoFailureFields', 'Please fill out all boxes in red', '0000-00-00 00:00:00', '2010-09-28 11:54:19'),
(1153, 'frontend/blog/comments', 6, 2, 'BlogInfoSuccessOptin', 'Thank you for sharing your review with us! You will receive a confirmation email in a few minutes. Click on the link in this email to release your review for publication.', '0000-00-00 00:00:00', '2010-09-28 11:54:19'),
(1154, 'frontend/blog/comments', 6, 2, 'BlogInfoSuccess', 'Thank you for sharing your review with us! Your review will be published after being checked.', '0000-00-00 00:00:00', '2010-09-28 11:54:19'),
(1155, 'frontend/blog/detail', 6, 2, 'BlogHeaderDownloads', 'available downloads:', '0000-00-00 00:00:00', '2010-09-28 11:54:19'),
(1156, 'frontend/blog/detail', 6, 2, 'BlogLinkDownload', 'download', '0000-00-00 00:00:00', '2010-09-28 11:54:19'),
(1157, 'frontend/blog/detail', 6, 2, 'BlogInfoComment', 'our comment on', '0000-00-00 00:00:00', '2010-09-28 11:54:19'),
(1158, 'frontend/blog/detail', 6, 2, 'BlogInfoTags', 'tags', '0000-00-00 00:00:00', '2010-09-28 11:54:19'),
(1159, 'frontend/blog/filter', 6, 2, 'BlogHeaderFilterCategories', 'categories', '0000-00-00 00:00:00', '2010-09-28 11:54:19'),
(1160, 'frontend/blog/filter', 6, 2, 'BlogHeaderFilterDate', 'date', '0000-00-00 00:00:00', '2010-09-28 11:54:19'),
(1161, 'frontend/blog/filter', 6, 2, 'BlogHeaderFilterAuthor', 'authors', '0000-00-00 00:00:00', '2010-09-28 11:54:19'),
(1162, 'frontend/blog/rss', 6, 2, 'BlogRssFeedHeader', 'blog / RSS Feed', '0000-00-00 00:00:00', '2010-09-28 11:54:19'),
(1163, 'frontend/checkout/added', 6, 2, 'AddArticleLinkBack', 'continue shopping', '0000-00-00 00:00:00', '2010-09-28 11:54:19'),
(1164, 'frontend/checkout/ajax_cart', 6, 2, 'AjaxCartInfoBundle', 'bundle discount', '0000-00-00 00:00:00', '2010-09-28 11:54:19'),
(1165, 'frontend/checkout/ajax_cart', 6, 2, 'AjaxCartInfoFree', 'Free of charge!', '0000-00-00 00:00:00', '2010-09-28 11:54:19'),
(1166, 'frontend/checkout/cart', 6, 2, 'CartInfoMinimumSurcharge', 'Attention. You have not yet reached the minimum order value of {$sMinimumSurcharge|currency}  for free shipping!', '0000-00-00 00:00:00', '2010-09-28 11:54:19'),
(1167, 'frontend/checkout/cart', 6, 2, 'CartInfoNoDispatch', 'Attention. There is no mode of shipmenrt selected for your shopping cart/address ! <br />Please contact the shop operator.<br />', '0000-00-00 00:00:00', '2010-09-28 11:54:19'),
(1168, 'frontend/checkout/confirm', 6, 2, 'ConfirmHeaderNewsletter', 'Do you want more information?', '0000-00-00 00:00:00', '2010-09-28 11:54:19'),
(1169, 'frontend/checkout/confirm', 6, 2, 'ConfirmLabelNewsletter', 'Yes, I would like to receive the free {$sShopname} newsletter', '0000-00-00 00:00:00', '2010-10-15 13:24:52'),
(1170, 'frontend/checkout/confirm_left', 6, 2, 'ConfirmSalutationMs', 'Ms', '0000-00-00 00:00:00', '2010-09-28 11:54:19'),
(1171, 'frontend/checkout/finish', 6, 2, 'FinishInfoTransaction', 'transaction number:', '0000-00-00 00:00:00', '2010-09-28 11:54:19'),
(1172, 'frontend/checkout/premiums', 6, 2, 'PremiumInfoNoPicture', 'no picture available', '0000-00-00 00:00:00', '2010-09-28 11:54:19'),
(1173, 'frontend/checkout/premiums', 6, 2, 'PremiumsInfoDifference', 'still', '0000-00-00 00:00:00', '2010-09-28 11:54:19'),
(1174, 'frontend/checkout/premiums', 6, 2, 'PremiumsInfoAtAmount', 'from', '0000-00-00 00:00:00', '2010-09-28 11:54:19'),
(1175, 'frontend/content/detail', 6, 2, 'ContentInfoPicture', 'displayed in the picture:', '0000-00-00 00:00:00', '2010-09-28 11:54:19'),
(1176, 'frontend/content/detail', 6, 2, 'ContentHeaderInformation', 'more information:', '0000-00-00 00:00:00', '2010-09-28 11:54:19'),
(1177, 'frontend/content/detail', 6, 2, 'ContentHeaderDownloads', 'file attachment:', '0000-00-00 00:00:00', '2010-09-28 11:54:19'),
(1178, 'frontend/content/detail', 6, 2, 'ContentLinkDownload', 'download', '0000-00-00 00:00:00', '2010-09-28 11:54:19'),
(1179, 'frontend/content/detail', 6, 2, 'ContentInfoNotFound', 'Content could not be found', '0000-00-00 00:00:00', '2010-09-28 11:54:19'),
(1180, 'frontend/content/detail', 6, 2, 'ContentLinkBack', 'back', '0000-00-00 00:00:00', '2010-09-28 11:54:19'),
(1181, 'frontend/content/index', 6, 2, 'ContentLinkDetails', '[more]', '0000-00-00 00:00:00', '2010-09-28 11:54:19'),
(1182, 'frontend/content/index', 6, 2, 'ContentInfoEmpty', 'currently no entries available', '0000-00-00 00:00:00', '2010-09-28 11:54:19'),
(1183, 'frontend/detail/article_config_step', 6, 2, 'DetailConfigValueSelect', 'Please select?', '0000-00-00 00:00:00', '2010-09-28 11:54:19'),
(1184, 'frontend/detail/article_config_step', 6, 2, 'DetailConfigActionSubmit', 'update now', '0000-00-00 00:00:00', '2010-09-28 11:54:19'),
(1185, 'frontend/detail/bundle/box_related', 6, 2, 'BundleHeader', 'Buy this item together with the following items', '0000-00-00 00:00:00', '2010-09-28 11:54:19'),
(1186, 'frontend/detail/bundle/box_related', 6, 2, 'BundleActionAdd', 'add to shopping cart', '0000-00-00 00:00:00', '2010-09-28 11:54:19'),
(1187, 'frontend/detail/bundle/box_related', 6, 2, 'BundleInfoPriceForAll', 'price for all', '0000-00-00 00:00:00', '2010-09-28 11:54:19'),
(1188, 'frontend/compare/added', 6, 2, 'CompareActionClose', 'close', '0000-00-00 00:00:00', '2010-09-28 11:54:19'),
(1189, 'frontend/detail/buy', 6, 2, 'DetailBuyInfoNotAvailable', 'This item is currently not available!', '0000-00-00 00:00:00', '2010-09-28 11:54:19'),
(1190, 'frontend/detail/buy', 6, 2, 'DetailBuyLabelSurcharge', 'surcharge', '0000-00-00 00:00:00', '2010-09-28 11:54:19'),
(1191, 'frontend/detail/comment', 6, 2, 'DetailCommentInfoSuccessOptin', 'Thank you for sharing your review with us! You will receive a confirmation email in a few minutes. Click on the link in this email to release your review for publication.', '0000-00-00 00:00:00', '2010-09-28 11:54:19'),
(1192, 'frontend/detail/comment', 6, 2, 'DetailCommentLabelMail', 'your email', '0000-00-00 00:00:00', '2010-09-28 11:54:19'),
(1193, 'frontend/compare/added', 6, 2, 'CompareInfoMaxReached', 'You can compare a maximum of 5 items in a single step', '0000-00-00 00:00:00', '2010-09-28 11:54:19'),
(1194, 'frontend/newsletter/index', 6, 2, 'NewsletterLabelSelect', 'please select', '0000-00-00 00:00:00', '2010-09-28 11:54:19'),
(1195, 'frontend/detail/data', 6, 2, 'DetailDataPriceInfo', 'prices {if $this->config(''sARTICLESOUTPUTNETTO'') == true}excl.{else}incl.{/if} VAT <a title="Versandkosten" href="{url controller=custom sCustom=6}"  style="text-decoration:underline">excl. shipping costs</a>', '0000-00-00 00:00:00', '2010-10-16 08:52:39'),
(1196, 'frontend/detail/data', 6, 2, 'DetailDataHeaderBlockprices', 'block pricing', '0000-00-00 00:00:00', '2010-09-28 11:54:19'),
(1197, 'frontend/detail/data', 6, 2, 'DetailDataColumnQuantity', 'amount', '0000-00-00 00:00:00', '2010-09-28 11:54:19'),
(1198, 'frontend/detail/data', 6, 2, 'DetailDataColumnPrice', 'price per unit', '0000-00-00 00:00:00', '2010-09-28 11:54:19'),
(1199, 'frontend/detail/data', 6, 2, 'DetailDataInfoUntil', 'until', '0000-00-00 00:00:00', '2010-09-28 11:54:19'),
(1200, 'frontend/detail/data', 6, 2, 'DetailDataInfoFrom', 'from', '0000-00-00 00:00:00', '2010-09-28 11:54:19'),
(1201, 'frontend/detail/description', 6, 2, 'DetailDescriptionLinkInformation', 'additional items from {$information.description}', '0000-00-00 00:00:00', '2010-09-28 11:54:19'),
(1202, 'frontend/detail/description', 6, 2, 'DetailDescriptionComment', 'our comment on', '0000-00-00 00:00:00', '2010-09-28 11:54:19'),
(1203, 'frontend/detail/liveshopping/category_countdown', 6, 2, 'LiveCountdownStartPrice', 'start price', '0000-00-00 00:00:00', '2010-09-28 11:54:19'),
(1204, 'frontend/detail/liveshopping/category_countdown', 6, 2, 'LiveCountdownCurrentPrice', 'current price', '0000-00-00 00:00:00', '2010-09-28 11:54:19'),
(1205, 'frontend/detail/liveshopping/category_countdown', 6, 2, 'LiveCountdownRemaining', 'still', '0000-00-00 00:00:00', '2010-09-28 11:54:19'),
(1206, 'frontend/detail/liveshopping/category_countdown', 6, 2, 'LiveCountdownRemainingPieces', 'pieces', '0000-00-00 00:00:00', '2010-09-28 11:54:19'),
(1207, 'frontend/detail/liveshopping/category_countdown', 6, 2, 'LiveCountdownPriceFails', 'price drops by', '0000-00-00 00:00:00', '2010-09-28 11:54:19'),
(1208, 'frontend/detail/liveshopping/category_countdown', 6, 2, 'LiveCountdownMinutes', 'minutes', '0000-00-00 00:00:00', '2010-09-28 11:54:19'),
(1209, 'frontend/detail/liveshopping/category_countdown', 6, 2, 'LiveCountdownPriceRising', 'price rises by', '0000-00-00 00:00:00', '2010-09-28 11:54:19'),
(1210, 'frontend/detail/liveshopping/detail_countdown', 6, 2, 'LiveCountdownStartPrice', 'start price', '0000-00-00 00:00:00', '2010-09-28 11:54:19'),
(1211, 'frontend/detail/liveshopping/detail_countdown', 6, 2, 'LiveCountdownCurrentPrice', 'current price', '0000-00-00 00:00:00', '2010-09-28 11:54:19'),
(1212, 'frontend/detail/liveshopping/detail_countdown', 6, 2, 'LiveCountdownRemaining', 'still', '0000-00-00 00:00:00', '2010-09-28 11:54:19'),
(1213, 'frontend/detail/liveshopping/detail_countdown', 6, 2, 'LiveCountdownRemainingPieces', 'pieces', '0000-00-00 00:00:00', '2010-09-28 11:54:19'),
(1214, 'frontend/detail/liveshopping/detail_countdown', 6, 2, 'LiveCountdownPriceFails', 'price drops by', '0000-00-00 00:00:00', '2010-09-28 11:54:19'),
(1215, 'frontend/detail/liveshopping/detail_countdown', 6, 2, 'LiveCountdownMinutes', 'minutes', '0000-00-00 00:00:00', '2010-09-28 11:54:19'),
(1216, 'frontend/detail/liveshopping/detail_countdown', 6, 2, 'LiveCountdownPriceRising', 'price rises by', '0000-00-00 00:00:00', '2010-09-28 11:54:19'),
(1217, 'frontend/account/payment', 6, 2, 'PaymentLinkSend', 'change', '0000-00-00 00:00:00', '2010-09-28 11:54:19'),
(1218, 'frontend/account/orders', 6, 2, 'MyOrdersTitle', 'order', '0000-00-00 00:00:00', '2010-09-28 11:54:19'),
(1219, 'frontend/account/orders', 6, 2, 'AccountTitle', 'customer account', '0000-00-00 00:00:00', '2010-09-28 11:54:19'),
(1220, 'frontend/detail/liveshopping/ticker/countdown', 6, 2, 'LiveTickerStartPrice', 'start price', '0000-00-00 00:00:00', '2010-09-28 11:54:19'),
(1221, 'frontend/detail/liveshopping/ticker/timeline', 6, 2, 'LiveTimeRemaining', 'still', '0000-00-00 00:00:00', '2010-09-28 11:54:19'),
(1222, 'frontend/detail/liveshopping/ticker/timeline', 6, 2, 'LiveTimeRemainingPieces', 'pieces', '0000-00-00 00:00:00', '2010-09-28 11:54:19'),
(1223, 'frontend/account/success_messages', 6, 2, 'AccountShippingSuccess', 'Your shipping address has been saved successfully', '0000-00-00 00:00:00', '2010-09-28 11:54:19'),
(1224, 'frontend/plugins/notification/index', 6, 2, 'DetailNotifyInfoErrorMail', 'Please fill in a valid email address', '0000-00-00 00:00:00', '2010-09-28 11:54:19'),
(1225, 'frontend/plugins/notification/index', 6, 2, 'DetailNotifyHeader', 'Notify me as soon as the item is available.', '0000-00-00 00:00:00', '2010-09-28 11:54:19'),
(1226, 'frontend/plugins/notification/index', 6, 2, 'DetailNotifyLabelMail', 'your email', '0000-00-00 00:00:00', '2010-09-28 11:54:19'),
(1227, 'frontend/plugins/notification/index', 6, 2, 'DetailNotifyActionSubmit', 'fill in', '0000-00-00 00:00:00', '2010-09-28 11:54:19'),
(1228, 'frontend/plugins/notification/index', 6, 2, 'DetailNotifyInfoSuccess', 'Click on the link in the email that you have just received. In this way, you will receive a notification by email as soon as the item is available.', '0000-00-00 00:00:00', '2010-09-28 11:54:19'),
(1229, 'frontend/forms/index', 6, 2, 'FormsLinkBack', 'back', '0000-00-00 00:00:00', '2010-09-28 11:54:19'),
(1230, 'frontend/forms/elements', 6, 2, 'SupportInfoFillRedFields', 'Please fill out all boxes in red.', '0000-00-00 00:00:00', '2010-09-28 11:54:19'),
(1231, 'frontend/tellafriend/index', 6, 2, 'TellAFriendHeaderSuccess', 'Thank you. The recommendation has been sent in successfully.', '0000-00-00 00:00:00', '2010-09-28 11:54:19'),
(1232, 'frontend/tellafriend/index', 6, 2, 'TellAFriendInfoFields', 'Please fill out all fields required .', '0000-00-00 00:00:00', '2010-09-28 11:54:19'),
(1233, 'frontend/index/footer', 6, 2, 'FooterInfoExcludeVat', '* All prices are net prices and subject to VAT and', '0000-00-00 00:00:00', '2010-10-14 14:45:36'),
(1234, 'frontend/index/categories_top', 6, 2, 'IndexLinkHome', 'home', '0000-00-00 00:00:00', '2010-09-28 11:54:19'),
(1235, 'frontend/listing/filter_properties', 6, 2, 'FilterHeadline', 'filter', '0000-00-00 00:00:00', '2010-09-28 11:54:19'),
(1236, 'frontend/listing/filter_properties', 6, 2, 'FilterHeadlineCategory', 'query by', '0000-00-00 00:00:00', '2010-09-28 11:54:19'),
(1237, 'frontend/listing/filter_properties', 6, 2, 'FilterLinkDefault', 'show all ', '0000-00-00 00:00:00', '2010-09-28 11:54:19'),
(1238, 'frontend/listing/box_article', 6, 2, 'ListingBoxNew', 'NEW', '0000-00-00 00:00:00', '2010-09-28 11:54:19'),
(1239, 'frontend/listing/box_similar', 6, 2, 'SimilarBoxLinkDetails', 'more ', '0000-00-00 00:00:00', '2010-09-28 11:54:19'),
(1240, 'frontend/newsletter/detail', 6, 2, 'NewsletterDetailInfoEmpty', 'entry not found', '0000-00-00 00:00:00', '2010-09-28 11:54:19'),
(1241, 'frontend/compare/overlay', 6, 2, 'LoginActionClose', 'close', '0000-00-00 00:00:00', '2010-09-28 11:54:19'),
(1242, 'frontend/compare/overlay', 6, 2, 'CompareHeader', 'compare', '0000-00-00 00:00:00', '2010-09-28 11:54:19'),
(1243, 'frontend/newsletter/listing', 6, 2, 'NewsletterListingInfoEmpty', 'currently no entries available', '0000-00-00 00:00:00', '2010-09-28 11:54:19'),
(1244, 'frontend/listing/box_similar', 6, 2, 'SimilarBoxMore', 'more', '0000-00-00 00:00:00', '2010-09-28 11:54:19'),
(1245, 'frontend/plugins/index/delivery_informations', 6, 2, 'DetailDataShippingDays', 'working days', '0000-00-00 00:00:00', '2010-09-28 11:54:19'),
(1246, 'frontend/register/index', 6, 2, 'RegisterHeadlineSupplier', 'retailer registration', '0000-00-00 00:00:00', '2010-09-28 11:54:19'),
(1247, 'frontend/register/index', 6, 2, 'RegisterInfoSupplier', 'Do you already have a retailer account?', '0000-00-00 00:00:00', '2010-09-28 11:54:19'),
(1248, 'frontend/register/index', 6, 2, 'RegisterInfoSupplier2', 'click here to log in', '0000-00-00 00:00:00', '2010-09-28 11:54:19'),
(1249, 'frontend/register/index', 6, 2, 'RegisterInfoSupplier3', 'After the login retail prices will be on display until activation is complete', '0000-00-00 00:00:00', '2010-09-28 11:54:19'),
(1250, 'frontend/register/index', 6, 2, 'RegisterInfoSupplier4', 'Send in your trade license by fax!', '0000-00-00 00:00:00', '2010-09-28 11:54:19'),
(1251, 'frontend/register/index', 6, 2, 'RegisterInfoSupplier5', 'Send in your trade license by fax to +49 2555 92 95 61. If you are already registered with us as retailer <br />you can skip this step and do not have to send in a trade license.', '0000-00-00 00:00:00', '2010-09-28 11:54:19'),
(1252, 'frontend/register/index', 6, 2, 'RegisterInfoSupplier6', 'We will check your information and activate your account!', '0000-00-00 00:00:00', '2010-09-28 11:54:19'),
(1253, 'frontend/register/index', 6, 2, 'RegisterInfoSupplier7', 'We will activate your retailer account after your information has been checked. <br />You will receive a notification by email. From there on wholesale prices will be on display on the product sites and product overviews.', '0000-00-00 00:00:00', '2010-09-28 11:54:19'),
(1254, 'frontend/register/index', 6, 2, 'RegisterLabelDataCheckbox', 'I herewith accept the privacy terms and conditions', '0000-00-00 00:00:00', '2010-09-28 11:54:19'),
(1255, 'frontend/search/filter_category', 6, 2, 'SearchFilterLinkDefault', 'show all categories', '0000-00-00 00:00:00', '2010-09-28 11:54:19'),
(1256, 'frontend/register/steps', 6, 2, 'CheckoutStepConfirmText', 'place order', '0000-00-00 00:00:00', '2010-09-28 11:54:19'),
(1257, 'frontend/search/fuzzy', 6, 2, 'SearchFuzzyInfoShortTerm', 'Unfortunately the search word is too short. ', '0000-00-00 00:00:00', '2010-09-28 11:54:19'),
(1258, 'frontend/search/fuzzy_left', 6, 2, 'SearchLeftLinkDefault', 'show all', '0000-00-00 00:00:00', '2010-09-28 11:54:19'),
(1259, 'frontend/search/fuzzy_left', 6, 2, 'SearchLeftInfoSuppliers', 'additional producers', '0000-00-00 00:00:00', '2010-09-28 11:54:19'),
(1260, 'frontend/search/fuzzy_left', 6, 2, 'SearchLeftHeadlineFilter', 'by query', '0000-00-00 00:00:00', '2010-09-28 11:54:19'),
(1261, 'frontend/search/fuzzy_left', 6, 2, 'SearchLeftLinkAllFilters', 'all queries', '0000-00-00 00:00:00', '2010-09-28 11:54:19'),
(1262, 'frontend/search/fuzzy_left', 6, 2, 'SearchLeftLinkAllSuppliers', 'all producers', '0000-00-00 00:00:00', '2010-09-28 11:54:19'),
(1263, 'frontend/search/fuzzy_left', 6, 2, 'SearchLeftLinkAllPrices', 'all prices', '0000-00-00 00:00:00', '2010-09-28 11:54:19'),
(1264, 'frontend/search/index', 6, 2, 'SearchHeadline', '"For ""{$sSearchTerm|escape}""  {$sSearchResultsNum} items have been found "', '0000-00-00 00:00:00', '2010-09-28 11:54:19'),
(1265, 'frontend/search/supplier', 6, 2, 'SearchTo', 'for', '0000-00-00 00:00:00', '2010-09-28 11:54:19'),
(1266, 'frontend/search/supplier', 6, 2, 'SearchWere', 'were', '0000-00-00 00:00:00', '2010-09-28 11:54:19'),
(1267, 'frontend/search/supplier', 6, 2, 'SearchArticlesFound', 'items have been found', '0000-00-00 00:00:00', '2010-09-28 11:54:19'),
(1268, 'frontend/sitemap/index', 6, 2, 'SitemapHeader', 'sitemap - all categories on display', '0000-00-00 00:00:00', '2010-09-28 11:54:19'),
(1269, 'frontend/ticket/navigation', 6, 2, 'TicketHeader', 'support management', '0000-00-00 00:00:00', '2010-09-28 11:54:19'),
(1270, 'frontend/ticket/navigation', 6, 2, 'TicketLinkBack', 'back', '0000-00-00 00:00:00', '2010-09-28 11:54:19'),
(1271, 'frontend/ticket/navigation', 6, 2, 'TicketLinkSupport', 'apply for support', '0000-00-00 00:00:00', '2010-09-28 11:54:19'),
(1272, 'frontend/ticket/navigation', 6, 2, 'TicketLinkIndex', 'support overview', '0000-00-00 00:00:00', '2010-09-28 11:54:19'),
(1273, 'frontend/ticket/navigation', 6, 2, 'TicketLinkLogout', 'logout', '0000-00-00 00:00:00', '2010-09-28 11:54:19'),
(1274, 'frontend/ticket/detail', 6, 2, 'TicketDetailInfoEmpty', 'A ticket with this ID does not exist.', '0000-00-00 00:00:00', '2010-09-28 11:54:19'),
(1275, 'frontend/ticket/detail', 6, 2, 'TicketDetailInfoTicket', 'details of this ticket', '0000-00-00 00:00:00', '2010-09-28 11:54:19'),
(1276, 'frontend/ticket/detail', 6, 2, 'TicketDetailInfoStatusClose', 'This ticket has been closed.', '0000-00-00 00:00:00', '2010-09-28 11:54:19'),
(1277, 'frontend/ticket/detail', 6, 2, 'TicketDetailInfoStatusProgress', 'This ticket is still being edited.', '0000-00-00 00:00:00', '2010-09-28 11:54:19'),
(1278, 'frontend/ticket/detail', 6, 2, 'TicketDetailInfoAnswer', 'your reply', '0000-00-00 00:00:00', '2010-09-28 11:54:19'),
(1279, 'frontend/ticket/detail', 6, 2, 'TicketDetailInfoQuestion', 'your ticket request:', '0000-00-00 00:00:00', '2010-09-28 11:54:19'),
(1280, 'frontend/checkout/ajax_add_article', 6, 2, 'LoginActionClose', 'close', '0000-00-00 00:00:00', '2010-09-28 11:54:19'),
(1281, 'frontend/ticket/listing', 6, 2, 'TicketInfoId', 'ticketID', '0000-00-00 00:00:00', '2010-09-28 11:54:19'),
(1282, 'frontend/register/steps.tpl', 6, 2, 'CheckoutStepBasketNumber', '1', '0000-00-00 00:00:00', '2010-09-28 11:54:19'),
(1283, 'frontend/ticket/listing', 6, 2, 'TicketInfoStatus', 'status', '0000-00-00 00:00:00', '2010-09-28 11:54:19'),
(1284, 'frontend/ticket/listing', 6, 2, 'TicketHeadline', 'support management', '0000-00-00 00:00:00', '2010-09-28 11:54:19'),
(1285, 'frontend/ticket/listing', 6, 2, 'TicketLinkDetails', '[show details]', '0000-00-00 00:00:00', '2010-09-28 11:54:19'),
(1286, 'frontend/widgets/paypal/logo', 6, 2, 'WidgetsPayPalLogo', 'PayPal-method of payment seal', '0000-00-00 00:00:00', '2010-09-28 11:54:19'),
(1287, 'frontend/plugins/trusted_shops/form', 6, 2, 'WidgetsTrustedShopsHeadline', 'Trusted Shops seal of quality - Please click here!', '0000-00-00 00:00:00', '2010-09-28 11:54:19'),
(1288, 'frontend/plugins/trusted_shops/form', 6, 2, 'WidgetsTrustedShopsSalutationMr', 'Mr', '0000-00-00 00:00:00', '2010-09-28 11:54:19'),
(1289, 'frontend/plugins/trusted_shops/form', 6, 2, 'WidgetsTrustedShopsSalutationMs', 'Ms', '0000-00-00 00:00:00', '2010-09-28 11:54:19'),
(1290, 'frontend/plugins/trusted_shops/form', 6, 2, 'WidgetsTrustedShopsSalutationCompany', 'corporation', '0000-00-00 00:00:00', '2010-09-28 11:54:19'),
(1291, 'frontend/plugins/trusted_shops/form', 6, 2, 'WidgetsTrustedShopsInfo', 'register for money-back guarantee', '0000-00-00 00:00:00', '2010-09-28 11:54:19'),
(1292, 'frontend/plugins/trusted_shops/form', 6, 2, 'WidgetsTrustedShopsText', 'tzlichen Service die Geld-zur&uuml', '0000-00-00 00:00:00', '2010-09-28 11:54:19'),
(1293, 'frontend/account/select_address', 6, 2, 'SelectAddressSalutationMr', 'Mr', '0000-00-00 00:00:00', '2010-09-28 11:54:19'),
(1294, 'frontend/checkout/premiums', 6, 2, 'PremiumInfoSelect', 'please select', '0000-00-00 00:00:00', '2010-09-28 11:54:19'),
(1295, 'frontend/account/ajax_logout', 6, 2, 'LoginActionClose', 'close', '0000-00-00 00:00:00', '2010-09-28 11:54:19'),
(1296, 'frontend/blog/comments', 6, 2, 'BlogInfoComments', 'comments', '0000-00-00 00:00:00', '2010-09-28 11:54:19'),
(1297, 'frontend/register/billing_fieldset', 6, 2, 'RegisterLabelDepartment', 'department', '0000-00-00 00:00:00', '2010-09-28 11:54:19'),
(1298, 'frontend/register/steps', 6, 2, 'CheckoutStepConfirmNumber', '3', '0000-00-00 00:00:00', '2010-09-28 11:54:19'),
(1299, 'frontend/ticket/detail', 6, 2, 'TicketDetailInfoShopAnswer', 'our reply', '0000-00-00 00:00:00', '2010-09-28 11:54:19'),
(1300, 'frontend/widgets/blog/listing', 6, 2, 'WidgetsBlogHeadline', 'new to our blog', '0000-00-00 00:00:00', '2010-09-28 11:54:19'),
(1301, 'frontend/register/billing_fieldset', 6, 2, 'RegisterLabelCompany', 'name', '0000-00-00 00:00:00', '2010-09-28 11:54:19'),
(1302, 'frontend/error/exception', 6, 2, 'ExceptionHeader', 'Ups! An error has occurred!', '0000-00-00 00:00:00', '2010-09-28 11:54:19'),
(1303, 'frontend/error/exception', 6, 2, 'ExceptionText', 'The following hints should help you.', '0000-00-00 00:00:00', '2010-09-28 11:54:19'),
(1304, 'frontend/register/billing_fieldset', 6, 2, 'RegisterHeaderCompany', 'corporation', '0000-00-00 00:00:00', '2010-09-28 11:54:19'),
(1305, 'frontend/detail/description', 6, 2, 'ArticleTipMoreInformation', 'links to', '0000-00-00 00:00:00', '2010-09-28 11:54:19'),
(1306, 'frontend/blog/index', 6, 2, 'ListingLinkAllSuppliers', 'show all authors', '0000-00-00 00:00:00', '2010-09-28 11:54:19'),
(1307, 'frontend/blog/index', 6, 2, 'ListingInfoFilterSupplier', 'query by author', '0000-00-00 00:00:00', '2010-09-28 11:54:19'),
(1308, 'frontend/register/billing_fieldset', 6, 2, 'RegisterLabelTaxId', 'tax ID number', '0000-00-00 00:00:00', '2010-09-28 11:54:19'),
(1309, 'frontend/plugins/index/delivery_informations', 6, 2, 'DetailDataInfoInstock', 'ready for shipment <br/> delivery time approx. 1-3 working days', '0000-00-00 00:00:00', '2010-09-28 11:54:19'),
(1310, 'frontend/plugins/index/delivery_informations', 6, 2, 'DetailDataShippingtime', 'delivery time', '0000-00-00 00:00:00', '2010-09-28 11:54:19'),
(1311, 'frontend/plugins/index/delivery_informations', 6, 2, 'DetailDataInfoInstantDownload', 'available as instant download', '0000-00-00 00:00:00', '2010-09-28 11:54:19'),
(1312, 'frontend/plugins/index/delivery_informations', 6, 2, 'DetailDataInfoShipping', 'not available until', '0000-00-00 00:00:00', '2010-09-28 11:54:19'),
(1313, 'frontend', 6, 2, 'RegisterPasswordLength', 'Please choose a password consisting of {config name="MinPassword"} signs at minimum.', '0000-00-00 00:00:00', '2010-10-12 19:45:13'),
(1314, 'frontend', 6, 2, 'RegisterAjaxEmailNotEqual', 'The email addresses are different.', '0000-00-00 00:00:00', '2010-09-28 11:54:19'),
(1315, 'frontend', 6, 2, 'RegisterAjaxEmailNotValid', 'Please type in a valid email.', '0000-00-00 00:00:00', '2010-09-28 11:54:19'),
(1316, 'frontend/checkout/confirm_item', 6, 2, 'CheckoutItemPrice', 'price per unit', '0000-00-00 00:00:00', '2010-09-28 11:54:19'),
(1317, 'frontend/custom/ajax', 6, 2, 'CustomAjaxActionNewWindow', 'open in new window', '0000-00-00 00:00:00', '2010-09-28 11:54:19'),
(1318, 'frontend/account/ajax_logout', 6, 2, 'AccountLogoutButton', 'back', '0000-00-00 00:00:00', '2010-09-28 11:54:19'),
(1319, 'frontend/checkout/ajax_cart', 6, 2, 'AjaxCartLinkConfirm', 'checkout\n', '0000-00-00 00:00:00', '2010-10-15 16:59:48'),
(1320, 'frontend/account/success_messages', 6, 2, 'AccountBillingSuccess', 'saved successfully', '0000-00-00 00:00:00', '2010-09-28 11:54:19'),
(1321, 'frontend/search/paging', 6, 2, 'ListingSortRelease', 'date', '0000-00-00 00:00:00', '2010-09-28 11:54:19'),
(1322, 'frontend/note/item', 6, 2, 'NoteInfoSupplier', 'producer:', '0000-00-00 00:00:00', '2010-09-28 11:54:19'),
(1323, 'frontend/note/index', 6, 2, 'NoteTitle', 'notepad', '0000-00-00 00:00:00', '2010-09-28 11:54:19'),
(1324, 'frontend/account/content_right', 6, 2, 'TicketLinkSupport', 'support request', '0000-00-00 00:00:00', '2010-09-28 11:54:19'),
(1325, 'frontend/note/item', 6, 2, 'NoteLinkZoom', 'enlarge picture', '0000-00-00 00:00:00', '2010-09-28 11:54:19'),
(1326, 'frontend/newsletter/index', 6, 2, 'NewsletterRegisterBillingLabelCity', 'postal code / city:', '0000-00-00 00:00:00', '2010-09-28 11:54:19'),
(1327, 'frontend/newsletter/index', 6, 2, 'NewsletterRegisterBillingLabelStreet', 'street name / house number:', '0000-00-00 00:00:00', '2010-09-28 11:54:19'),
(1328, 'frontend/newsletter/index', 6, 2, 'NewsletterRegisterLabelLastname', 'last name', '0000-00-00 00:00:00', '2010-09-28 11:54:19'),
(1329, 'frontend/newsletter/index', 6, 2, 'NewsletterRegisterLabelFirstname', 'given name', '0000-00-00 00:00:00', '2010-09-28 11:54:19'),
(1330, 'frontend/newsletter/index', 6, 2, 'NewsletterRegisterLabelMs', 'Ms', '0000-00-00 00:00:00', '2010-09-28 11:54:19'),
(1331, 'frontend/newsletter/index', 6, 2, 'NewsletterRegisterLabelMr', 'Mr', '0000-00-00 00:00:00', '2010-09-28 11:54:19'),
(1332, 'frontend/newsletter/index', 6, 2, 'NewsletterRegisterPleaseChoose', 'please select', '0000-00-00 00:00:00', '2010-09-28 11:54:19'),
(1333, 'frontend/newsletter/index', 6, 2, 'NewsletterRegisterLabelSalutation', 'form of address', '0000-00-00 00:00:00', '2010-09-28 11:54:19'),
(1334, 'frontend/register/index', 6, 2, 'RegisterIndexActionSubmit', 'complete registration', '0000-00-00 00:00:00', '2010-09-28 11:54:19'),
(1335, 'frontend/checkout/added', 6, 2, 'CheckoutAddArticleLinkBack', 'back', '0000-00-00 00:00:00', '2010-09-28 11:54:19'),
(1336, 'frontend', 6, 2, 'RegisterAjaxEmailForgiven', 'This email is already registered.', '0000-00-00 00:00:00', '2010-09-28 11:54:19'),
(1337, 'frontend/checkout/added', 6, 2, 'CheckoutAddArticleInfoAdded', '{$sArticleName} has been added to your shopping cart!', '0000-00-00 00:00:00', '2010-09-28 11:54:19'),
(1338, 'frontend/checkout/confirm_footer', 6, 2, 'CheckoutFinishTaxInformation', 'This order comes without VAT.', '0000-00-00 00:00:00', '2010-10-16 10:37:58'),
(1339, 'frontend/checkout/confirm_item', 6, 2, 'CartItemInfoFree', 'free of charge', '0000-00-00 00:00:00', '2010-09-28 11:54:19'),
(1340, 'frontend/account/password', 6, 2, 'LoginBack', 'back', '0000-00-00 00:00:00', '2010-09-28 11:54:19'),
(1341, 'frontend/checkout/cart_footer', 6, 2, 'CartFooterTotalTax', '% MwSt.:"', '0000-00-00 00:00:00', '2010-09-28 11:54:19'),
(1342, 'frontend/checkout/cart_footer', 6, 2, 'CartFooterTotalNet', 'total amount excl. VAT:', '0000-00-00 00:00:00', '2010-09-28 11:54:19'),
(1343, 'frontend/detail/error', 6, 2, 'DetailRelatedHeader', 'Unfortunately this item is not available anymore!', '0000-00-00 00:00:00', '2010-09-28 11:54:19'),
(1344, 'frontend/detail/error', 6, 2, 'DetailRelatedHeaderSimilarArticles', 'related items:', '0000-00-00 00:00:00', '2010-09-28 11:54:19'),
(1345, 'frontend/plugins/notification/index', 6, 2, 'DetailNotifyInfoValid', 'Thank you! We have saved your enquiry! You will be notified as soon as the item is available.', '0000-00-00 00:00:00', '2010-09-28 11:54:19'),
(1346, 'frontend/plugins/notification/index', 6, 2, 'DetailNotifyInfoInvalid', 'An errror has occurred during the validation of your email notificaton. ', '0000-00-00 00:00:00', '2010-09-28 11:54:19'),
(1347, 'frontend/search/paging', 6, 2, 'ListingPaging', 'scrolling:', '0000-00-00 00:00:00', '2010-09-28 11:54:19'),
(1348, 'frontend/search/paging', 6, 2, 'ListingLinkPrevious', 'previous page', '0000-00-00 00:00:00', '2010-09-28 11:54:19'),
(1349, 'frontend/search/paging', 6, 2, 'ListingTextNext', '>', '0000-00-00 00:00:00', '2010-09-28 11:54:19'),
(1350, 'frontend/search/paging', 6, 2, 'ListingLinkNext', 'next page', '0000-00-00 00:00:00', '2010-09-28 11:54:19'),
(1351, 'frontend/search/paging', 6, 2, 'ListingTextPrevious', '<', '0000-00-00 00:00:00', '2010-09-28 11:54:19'),
(1352, 'frontend/listing/listing_actions', 6, 2, 'ListingPaging', 'scrolling:', '0000-00-00 00:00:00', '2010-09-28 11:54:19'),
(1353, 'frontend/listing/listing_actions', 6, 2, 'ListingTextPrevious', '"', '0000-00-00 00:00:00', '2010-09-28 11:54:19'),
(1354, 'frontend/listing/listing_actions', 6, 2, 'ListingLinkPrevious', 'previous page', '0000-00-00 00:00:00', '2010-09-28 11:54:19'),
(1355, 'frontend/listing/listing_actions', 6, 2, 'ListingTextNext', '"', '0000-00-00 00:00:00', '2010-09-28 11:54:19'),
(1356, 'frontend/checkout/ajax_add_article', 6, 2, 'ListingBoxNoPicture', 'no picture', '0000-00-00 00:00:00', '2010-09-28 11:54:19'),
(1357, 'frontend/index/footer', 6, 2, 'IndexCopyright', ' 2010 shopware.ag - Alle Rechte vorbehalten."', '0000-00-00 00:00:00', '2010-09-28 11:54:19'),
(1358, 'frontend/detail/header', 6, 2, 'DetailChooseFirst', 'Please select a variant first', '0000-00-00 00:00:00', '2010-09-28 11:54:19'),
(1359, 'frontend/custom/ajax', 6, 2, 'CustomAjaxActionClose', 'close', '0000-00-00 00:00:00', '2010-09-28 11:54:19'),
(1360, 'Frontend', 6, 2, 'sMailConfirmation', 'Thank you. You will receive a confirmation email in a few minutes. Click on the link in this email to confirm your registration.', '0000-00-00 00:00:00', '2010-09-28 11:54:19'),
(1361, 'frontend', 6, 2, 'AccountLoginTitle', 'login', '0000-00-00 00:00:00', '2010-09-28 11:54:19'),
(1362, 'frontend/ticket/listing', 6, 2, 'TicketInfoDate', 'date', '0000-00-00 00:00:00', '2010-09-28 11:54:19'),
(1363, 'frontend/checkout/cart_footer_left', 6, 2, 'CheckoutFooterLabelAddVoucher', 'add gift card', '0000-00-00 00:00:00', '2010-09-28 11:54:19'),
(1364, 'frontend/checkout/cart_footer_left', 6, 2, 'CheckoutFooterAddVoucherLabelInline', 'gift card number', '0000-00-00 00:00:00', '2010-09-28 11:54:19'),
(1365, 'frontend/widgets/paypal/logo', 6, 2, 'WidgetPaypalText', 'PayPal', '0000-00-00 00:00:00', '2010-09-28 11:54:19'),
(1366, 'frontend/detail/tabs', 6, 2, 'DetailTabsAccessories ', 'Accessories', '2010-09-27 16:31:26', '2010-10-17 22:14:22'),
(1367, 'frontend', 1, 1, 'CheckoutArticleLessStock', 'Leider können wir den von Ihnen gewünschten Artikel nicht mehr in ausreichender Stückzahl liefern. (#0 von #1 lieferbar).', '2010-09-27 17:36:07', '2010-09-28 11:54:19'),
(1372, 'documents/index', 1, 1, 'DocumentIndexUstID', 'USt-IdNr.:', '2010-09-28 13:02:44', '2010-09-28 13:02:44'),
(1371, 'documents/index', 1, 1, 'DocumentIndexCustomerID', 'Kunden-Nr.:', '2010-09-28 13:02:44', '2010-09-28 13:02:44'),
(1396, 'documents/index', 6, 2, 'DocumentIndexCustomerID', 'Customernr.:', '2010-09-28 13:02:44', '2010-09-28 13:02:44'),
(1397, 'frontend/search/fuzzy_left', 6, 2, 'SearchLeftHeadlineCutdown', 'Suchergebnis einschr&auml;nken', '2010-09-29 16:28:49', '2010-09-29 16:28:49'),
(1398, 'frontend/search/fuzzy_left', 1, 1, 'SearchLeftHeadlineCutdown', 'Suchergebnis einschr&auml;nken', '2010-09-29 17:49:49', '2010-09-29 17:49:49'),
(1399, 'frontend', 1, 1, 'AccountPasswordNotEqual', 'Die Passwörter stimmen nicht überein.', '2010-09-29 20:32:08', '2010-09-29 20:32:08'),
(1400, 'backend/index/index', 1, 1, 'IndexTitle', 'Shopware {$this->config(''Version'')}  (Rev. 3650, 18.10.2010) - Backend (c)2010,2011 shopware AG', '2010-09-29 22:30:38', '2010-10-17 12:08:50'),
(1401, 'backend/plugin/viewport', 1, 1, 'tree_titel', 'Plugins', '2010-09-30 10:00:13', '2010-09-30 10:00:13'),
(1430, 'frontend', 1, 1, 'CheckoutArticleNoStock', 'Leider können wir den von Ihnen gewünschten Artikel nicht mehr in ausreichender Stückzahl liefern.', '2010-10-05 23:11:09', '2010-10-05 23:11:09'),
(1403, 'frontend', 1, 1, 'CheckoutSelectVariant', 'Bitte wählen Sie eine Variante aus, um den gewünschte Artikel in den Warenkorb zu legen.', '2010-10-01 10:53:18', '2010-10-01 10:53:18'),
(1404, 'frontend/account/index', 1, 1, 'AccountLinkChangeMail', 'E-Mail ändern', '2010-01-01 00:00:00', '2010-01-01 00:00:00'),
(1405, 'frontend/account/index', 1, 1, 'AccountLabelNewMail', 'Neue E-Mail-Adresse', '2010-01-01 00:00:00', '2010-01-01 00:00:00'),
(1406, 'frontend/account/index', 1, 1, 'AccountLabelMail', 'E-Mail-Wiederholung', '2010-01-01 00:00:00', '2010-01-01 00:00:00'),
(1407, 'frontend/plugins/notification/index', 1, 1, 'DetailNotifyAlreadyRegistered', 'Sie haben sich bereits für eine Benachrichtigung eingetragen!', '2010-01-01 00:00:00', '2010-10-06 12:28:47'),
(1408, 'documents/index_ls', 1, 1, 'DocumentIndexShippingNumber', 'Lieferschein Nr.', '2010-10-05 09:27:18', '2010-10-05 09:27:18'),
(1409, 'documents/index_ls', 1, 1, 'DocumentIndexPageCounter', 'Seite {$page+1} von {$Pages|@count}', '2010-10-05 09:27:18', '2010-10-05 09:27:18'),
(1410, 'documents/index_ls', 1, 1, 'DocumentIndexInvoiceID', 'Zur Rechnung:', '2010-10-05 09:27:18', '2010-10-05 09:27:18'),
(1411, 'frontend/plugins/paypal/logo', 1, 1, 'PaypalLogoAlt', 'Paypal', '2010-10-05 09:31:18', '2010-10-05 09:31:18'),
(1412, 'frontend/plugins/paypal/logo', 1, 1, 'PaypalLogoText', 'Paypal', '2010-10-05 09:31:18', '2010-10-05 09:31:18'),
(1435, 'frontend/listing/listing_actions', 1, 1, 'ListingActionsSettingsTable', 'Tabellen-Ansicht', '2010-10-06 22:24:50', '2010-10-06 22:24:50'),
(1436, 'frontend/listing/listing_actions', 1, 1, 'ListingActionsSettingsList', 'Listen-Ansicht', '2010-10-06 22:24:50', '2010-10-06 22:24:50'),
(1419, 'frontend/checkout/confirm', 1, 1, 'ConfirmDoPayment', 'Zahlung durchführen', '2010-10-05 13:53:10', '2010-10-05 13:53:10'),
(1418, 'frontend/checkout/shipping_costs', 1, 1, 'DispatchHeadNotice', '', '2010-10-05 09:34:18', '2010-10-05 09:34:18'),
(1434, 'frontend/checkout/confirm_item', 1, 1, 'CheckoutItemLaststock', 'NICHT LIEFERBAR', '2010-10-06 19:56:58', '2010-10-06 19:56:58'),
(1433, 'frontend/checkout/confirm', 1, 1, 'ConfirmErrorStock', 'Ein Artikel aus Ihrer Bestellung ist nicht mehr verfügbar! Bitte entfernen Sie die Position aus dem Warenkorb!', '2010-10-06 19:41:24', '2010-10-06 19:41:24'),
(1432, 'frontend/checkout/ajax_add_article', 1, 1, 'ListingBoxArticleStartsAt', 'ab', '2010-10-06 19:29:43', '2010-10-06 19:29:43'),
(1437, 'frontend/listing/listing_actions', 1, 1, 'ListingActionsSettingsTitle', 'Anzeige wählen:', '2010-10-06 23:35:38', '2010-10-16 16:50:50'),
(1438, 'frontend/checkout/ajax_add_article', 1, 1, 'AjaxAddHeaderError', 'Hinweis:', '2010-10-07 14:24:05', '2010-10-07 14:24:05'),
(1439, 'backend/activate/skeleton', 1, 1, 'WindowTitle', 'Cache leeren', '2010-10-07 16:05:16', '2010-10-07 16:05:16'),
(1446, 'frontend/checkout/confirm', 1, 1, 'ConfirmHeadDispatch', 'Versandart:', '2010-10-07 21:09:32', '2010-10-07 21:09:32'),
(1447, 'frontend/checkout/confirm', 1, 1, 'ConfirmLabelDispatch', 'Aktuell ausgewählte Versandart', '2010-10-07 21:09:32', '2010-10-07 21:09:32'),
(1448, 'frontend/checkout/confirm', 1, 1, 'ConfirmLinkChangeDispatch', 'Ändern', '2010-10-07 21:09:32', '2010-10-07 21:09:32'),
(1449, 'frontend/checkout/confirm', 1, 1, 'ConfirmHeadDispatchNotice', 'Versandinformationen', '2010-10-07 21:09:32', '2010-10-07 21:09:32'),
(1514, 'frontend/plugins/recommendation/blocks_listing', 1, 1, 'IndexSimilaryArticlesSlider', 'Ähnliche Artikel wie die, die Sie sich angesehen haben:', '2010-10-15 00:35:20', '2010-10-15 00:35:20'),
(1515, 'frontend/plugins/recommendation/blocks_listing', 1, 1, 'IndexSupplierSlider', 'Unsere Top Marken', '2010-10-15 00:35:20', '2010-10-15 00:35:20'),
(1455, 'frontend/plugins/index/tagcloud', 1, 1, 'TagcloudHead', 'Tagwolke', '2010-10-08 16:11:27', '2010-10-08 16:11:27'),
(1456, 'frontend/plugins/index/topseller', 1, 1, 'TopsellerHeading', 'Topseller', '2010-10-08 16:11:27', '2010-10-09 09:50:03'),
(1457, 'frontend/plugins/index/topseller', 1, 1, 'WidgetsTopsellerNoPicture', 'Kein Bild vorhanden', '2010-10-08 16:11:27', '2010-10-16 11:26:45'),
(1458, 'backend/plugins/coupons/skeleton', 1, 1, 'WindowTitle', 'Coupon Verwaltung', '2010-10-08 16:31:25', '2010-10-08 16:31:25'),
(1513, 'frontend/plugins/recommendation/blocks_listing', 1, 1, 'IndexNewArticlesSlider', 'Neu im Sortiment:', '2010-10-15 00:35:20', '2010-10-15 00:35:20'),
(1472, 'frontend/home/index', 1, 1, 'WidgetsBlogHeadline', 'Blog', '2010-10-08 18:29:11', '2010-10-16 11:26:56'),
(1473, 'templates/_default/frontend/index/header.tpl', 1, 1, 'IndexMetaHttpContentType', 'text/html; charset=iso-8859-1', '2010-10-08 18:29:11', '2010-10-08 18:29:11'),
(1474, 'templates/_default/frontend/index/header.tpl', 1, 1, 'IndexMetaAuthor', '', '2010-10-08 18:29:11', '2010-10-08 18:29:11'),
(1475, 'templates/_default/frontend/index/header.tpl', 1, 1, 'IndexMetaCopyright', '', '2010-10-08 18:29:11', '2010-10-08 18:29:11'),
(1476, 'templates/_default/frontend/index/header.tpl', 1, 1, 'IndexMetaRobots', '', '2010-10-08 18:29:11', '2010-10-08 18:29:11'),
(1477, 'templates/_default/frontend/index/header.tpl', 1, 1, 'IndexMetaRevisit', '', '2010-10-08 18:29:11', '2010-10-08 18:29:11'),
(1478, 'templates/_default/frontend/index/header.tpl', 1, 1, 'IndexMetaKeywordsStandard', '', '2010-10-08 18:29:11', '2010-10-08 18:29:11'),
(1479, 'templates/_default/frontend/index/header.tpl', 1, 1, 'IndexMetaDescriptionStandard', '', '2010-10-08 18:29:11', '2010-10-08 18:29:11'),
(1480, 'templates/_default/frontend/index/header.tpl', 1, 1, 'IndexMetaShortcutIcon', '{link file=''frontend/_resources/favicon.ico''}', '2010-10-08 18:29:11', '2010-10-08 18:29:11'),
(1481, 'templates/_default/frontend/index/header.tpl', 1, 1, 'IndexMetaMsNavButtonColor', '#dd4800', '2010-10-08 18:29:11', '2010-10-08 18:29:11'),
(1484, 'backend/plugins/coupons/pdf/index', 1, 1, 'PluginsBackendCouponsText', '\n				Sie können den Gutschein einfach während des Bestellprozesses im Warenkorb einlösen.\n				Wir wünschen Ihnen viel Spaß bei dem Besuch unseres Shops. Bei Fragen oder Problemen erreichen Sie uns jederzeit\n				unter folgenden Kontaktdaten: Musterfirma | Musterstraße | Musterort\n				', '2010-10-11 15:44:56', '2010-10-11 15:44:56'),
(1485, 'frontend/widgets/advanced_menu/advanced_menu', 1, 1, 'IndexLinkHome', 'Home', '2010-10-12 06:53:25', '2010-10-12 06:53:25'),
(1486, 'frontend/account/order_item', 1, 1, 'OrderItemCustomerComment', 'Ihr Kommentar', '2010-10-12 06:54:17', '2010-10-12 06:54:17'),
(1487, 'frontend/account/order_item', 1, 1, 'OrderItemComment', 'Unser Kommentar', '2010-10-12 06:54:17', '2010-10-12 06:54:17'),
(1488, 'frontend/checkout/error_messages', 1, 1, 'ConfirmInfoNoDispatch', 'Keine Versandart', '2010-10-12 07:45:26', '2010-10-12 07:45:26'),
(1489, 'frontend/checkout/error_messages', 1, 1, 'ConfirmInfoMinimumSurcharge', 'Mindestbestellwert nicht erreicht', '2010-10-12 07:45:26', '2010-10-12 07:45:26'),
(1490, 'newsletter/index/header', 1, 1, 'NewsletterHeaderLinkHome', 'Home', '2010-10-12 10:05:03', '2010-10-12 10:05:03'),
(1491, 'newsletter/container/article', 1, 1, 'NewsletterBoxArticleStartsAt', 'ab', '2010-10-12 10:05:03', '2010-10-12 10:05:03'),
(1492, 'newsletter/container/article', 1, 1, 'NewsletterBoxArticleLinkDetails', 'Mehr Infos', '2010-10-12 10:05:03', '2010-10-12 10:05:03'),
(1493, 'newsletter/index/footer', 1, 1, 'NewsletterFooterNavigation', '<a href="#" target="_blank" style="font-size:10px;">Kontakt</a> | <a href="#" target="_blank" style="font-size:10px;">Impressum</a>', '2010-10-12 10:05:03', '2010-10-12 10:05:03'),
(1494, 'newsletter/index/footer', 1, 1, 'NewsletterFooterInfoIncludeVat', '* Alle Preise inkl. gesetzl. Mehrwertsteuer und <span style="text-decoration: underline;"><a title="Versandkosten" href="{url controller=custom sCustom=6}">Versandkosten</a></span> und ggf. Nachnahmegebühren, wenn nicht anders beschrieben', '2010-10-12 10:05:03', '2010-10-15 12:58:35'),
(1495, 'newsletter/index/footer', 1, 1, 'NewsletterFooterInfoExcludeVat', '* Alle Preise verstehen sich zzgl. Mehrwertsteuer  und <span style="text-decoration: underline;"><a title="Versandkosten" href="{url controller=custom sCustom=6}">Versandkosten</a></span> und ggf. Nachnahmegebühren, wenn nicht anders beschrieben', '2010-10-12 10:05:03', '2010-10-15 12:58:20'),
(1496, 'newsletter/index/footer', 1, 1, 'NewsletterFooterCopyright', 'Copyright © 2010 shopware AG - Alle Rechte vorbehalten.', '2010-10-12 10:05:03', '2010-10-12 10:05:03'),
(1497, 'newsletter/index/footer', 1, 1, 'NewsletterFooterLinkUnsubscribe', 'Vom Newsletter abmelden', '2010-10-12 10:05:03', '2010-10-12 10:05:03'),
(1498, 'newsletter/index/footer', 1, 1, 'NewsletterFooterLinkNewWindow', 'Newsletter im Browser öffnen', '2010-10-12 10:05:03', '2010-10-12 10:05:03'),
(1499, 'frontend/detail/liveshopping/category_countdown', 1, 1, 'LiveCategoryOffersEnds', 'Angebot endet in:', '2010-10-12 19:39:31', '2010-10-12 19:39:31'),
(1500, 'frontend/detail/liveshopping/category', 1, 1, 'LiveCategoryPreviousPrice', 'Ursprünglicher Preis:', '2010-10-12 19:39:32', '2010-10-12 19:39:32'),
(1501, 'frontend/detail/liveshopping/category', 1, 1, 'LiveCategorySavingPercent', 'Sie sparen:', '2010-10-12 19:39:32', '2010-10-12 19:39:32'),
(1502, 'frontend/detail/liveshopping/category', 1, 1, 'LiveCategoryOffersEnds', 'Angebot endet in:', '2010-10-12 19:39:32', '2010-10-12 19:39:32'),
(1503, 'frontend/detail/liveshopping/category', 1, 1, 'LiveCategoryCurrentPrice', 'Aktueller Preis:', '2010-10-12 19:39:32', '2010-10-12 19:39:32'),
(1504, 'documents/index_sr', 1, 1, 'DocumentIndexTotalNet', 'Gesamtkosten Netto:', '2010-10-13 01:35:47', '2010-10-13 01:35:47'),
(1505, 'documents/index_sr', 1, 1, 'DocumentIndexTax', 'zzgl. {$key} MwSt:', '2010-10-13 01:35:47', '2010-10-13 01:35:47'),
(1506, 'documents/index_sr', 1, 1, 'DocumentIndexTotal', 'Gesamtkosten:', '2010-10-13 01:35:47', '2010-10-13 01:35:47'),
(1507, 'documents/index_sr', 1, 1, 'DocumentIndexCancelationNumber', 'Stornorechnung zur Rechnung Nr. {$Document.bid}', '2010-10-13 01:35:47', '2010-10-13 01:35:47'),
(1508, 'documents/index_sr', 1, 1, 'DocumentIndexPageCounter', 'Seite {$page+1} von {$Pages|@count}', '2010-10-13 01:35:47', '2010-10-13 01:35:47');
INSERT INTO `s_core_snippets` (`id`, `namespace`, `shopID`, `localeID`, `name`, `value`, `created`, `updated`) VALUES
(1509, 'frontend', 1, 1, 'CheckoutSelectPremiumVariant', 'Bitte wählen Sie eine Variante aus, um den gewünschte Prämie in den Warenkorb zu legen.', '2010-10-13 17:38:03', '2010-10-13 17:38:03'),
(1510, 'frontend', 1, 1, 'CheckoutArticleNotFound', 'Artikel konnte nicht gefunden werden.', '2010-10-13 17:43:06', '2010-10-13 17:43:06'),
(1519, 'frontend', 1, 1, 'RegisterPasswordNotEqual', 'Die Passwörter stimmen nicht überein.', '2010-10-15 14:29:54', '2010-10-15 14:29:54'),
(1520, 'frontend/checkout/finish_header', 1, 1, 'CartColumnTotal', 'Summe', '2010-10-15 14:35:34', '2010-10-15 14:35:34'),
(1521, 'frontend/checkout/finish_item', 1, 1, 'CartItemInfoFree', '', '2010-10-15 14:35:34', '2010-10-15 14:35:34'),
(1522, 'backend/snippet/skeleton', 6, 2, 'WindowTitle', 'Textbausteine', '2010-10-15 16:57:50', '2010-10-15 16:57:50'),
(1523, 'frontend/checkout/ajax_add_article', 6, 2, 'AjaxAddLinkConfirm', 'check out', '2010-10-15 17:01:48', '2010-10-15 17:02:07'),
(1524, 'frontend/account/ajax_login', 1, 1, 'LoginLabelNoAccount', 'Kein Kundenkonto erstellen', '2010-10-16 08:36:09', '2010-10-16 08:36:09'),
(1525, 'frontend/custom/ajax', 1, 1, 'LoginActionClose', '', '2010-10-16 08:53:15', '2010-10-16 08:53:15'),
(1526, 'frontend/account/login', 1, 1, 'AccountLoginTitle', '', '2010-10-16 09:41:49', '2010-10-16 09:41:49'),
(1527, 'frontend/account/login', 1, 1, 'LoginLabelNoAccount', 'Kein Kundenkonto erstellen', '2010-10-16 09:42:13', '2010-10-16 09:42:13'),
(1543, 'backend/license/skeleton', 1, 1, 'WindowTitle', 'Lizenzen', '2010-10-17 19:12:33', '2010-10-17 19:12:33'),
(1544, 'backend/plugins/recommendation/skeleton', 1, 1, 'WindowTitle', 'Slider-Komponenten', '2010-10-17 19:25:09', '2010-10-17 19:25:09'),
(1545, 'frontend/account/select_billing', 1, 1, 'SelectBillingTitle', 'Adresse auswählen', '2010-10-18 00:29:20', '2010-10-18 00:57:55'),
(1541, 'frontend/plugins/advanced_menu/advanced_menu', 1, 1, 'IndexLinkHome', 'Home', '2010-10-17 13:45:56', '2010-10-17 13:45:56'),
(1542, 'frontend/account/downloads', 1, 1, 'MyDownloadsTitle', 'Meine Sofortdownloads', '2010-10-17 18:52:49', '2010-10-17 18:54:46'),
(1536, 'frontend/index/search', 1, 1, 'IndexSearchFieldValue', 'Suche:', '2010-10-16 15:53:05', '2010-10-16 15:53:05'),
(1537, 'frontend/compare/add_article', 1, 1, 'CompareHeaderTitle', 'Artikel vergleichen', '2010-10-17 09:10:41', '2010-10-17 09:10:41'),
(1538, 'frontend/compare/add_article', 1, 1, 'LoginActionClose', '', '2010-10-17 09:10:41', '2010-10-17 09:10:41'),
(1539, 'frontend/compare/add_article', 1, 1, 'CompareActionClose', '', '2010-10-17 09:10:41', '2010-10-17 09:10:41'),
(1540, 'frontend/compare/add_article', 1, 1, 'CompareInfoMaxReached', 'Es können maximal 5 Artikel in einem Schritt verglichen werden', '2010-10-17 09:10:41', '2010-10-17 09:10:41'),
(1546, 'frontend/account/billing', 1, 1, 'ChangeBillingTitle', 'Rechnungsadresse ändern', '2010-10-18 00:29:20', '2010-10-18 00:56:36'),
(1547, 'frontend/account/shipping', 1, 1, 'ChangeShippingTitle', 'Lieferadresse ändern', '2010-10-18 00:29:59', '2010-10-18 00:57:08'),
(1548, 'frontend/checkout/finish_footer', 1, 1, 'CheckoutFinishTaxInformation', 'Der Empfänger der Leistung schuldet die Steuer', '2010-10-18 00:31:38', '2010-10-18 00:31:38'),
(1549, 'frontend/account/payment', 1, 1, 'ChangePaymentTitle', 'Zahlungsart ändern', '2010-10-18 00:57:15', '2010-10-18 00:57:25'),
(1550, 'frontend/account/select_shipping', 1, 1, 'SelectShippingTitle', 'Adresse auswählen', '2010-10-18 00:58:04', '2010-10-18 00:58:11');